applicant_id,gender,applicant_age,caste_category,annual_income,scheme_category,project_cost,requested_loan,promoter_contrib_pct,education_level,has_vocational_training,experience_years,has_clean_credit,has_valid_caste_cert,has_valid_income_cert,debt_to_income_ratio,approval_score,approved
APP_1000,Female,38,SC,236800.0,micro_finance,101200.0,96100.0,0.0,Secondary (10th),1,4,1,1,1,0.148,99.0,1
APP_1001,Female,23,SC,112900.0,sanitation,1220000.0,1196000.0,2.0,Higher Secondary (12th),1,0,1,1,1,1.857,66.6,1
APP_1002,Female,48,SC,142500.0,education,720000.0,648000.0,0.0,Higher Secondary (12th),0,0,0,1,1,0.797,26.8,0
APP_1003,Male,28,SC,76700.0,sanitation,1356000.0,1288000.0,5.0,Post Graduate / Professional,1,0,1,1,1,2.944,59.4,1
APP_1004,Female,36,SC,228400.0,education,1734000.0,1561000.0,0.0,Higher Secondary (12th),1,1,1,1,1,1.198,55.4,1
APP_1005,Female,41,SC,73400.0,sanitation,1661000.0,1578000.0,5.0,Secondary (10th),1,0,0,1,1,3.769,27.4,0
APP_1006,Male,25,SC,483500.0,term_loan,1170000.0,1053000.0,10.0,Higher Secondary (12th),0,2,1,1,1,0.505,82.9,1
APP_1007,Female,28,General,81800.0,education,194000.0,175000.0,0.0,Primary (1-8),1,2,1,1,1,0.375,53.0,0
APP_1008,Other,29,SC,644300.0,sanitation,122000.0,110000.0,10.0,Primary (1-8),0,3,1,1,1,0.03,45.6,0
APP_1009,Female,28,SC,650300.0,education,717000.0,645000.0,10.0,Higher Secondary (12th),0,0,1,1,1,0.174,52.7,0
APP_1010,Male,28,SC,189500.0,sanitation,1579000.0,1421000.0,10.0,Graduate,1,0,1,1,1,1.315,71.3,1
APP_1011,Female,29,SC,78900.0,education,1851000.0,1666000.0,0.0,Post Graduate / Professional,1,8,1,1,0,3.702,15.0,0
APP_1012,Female,41,ST,110800.0,term_loan,2226000.0,2003000.0,10.0,Higher Secondary (12th),1,1,1,1,1,4.194,5.0,0
APP_1013,Female,59,SC,201200.0,green_energy,461000.0,438000.0,5.0,No Formal Education,0,0,1,1,1,0.382,99.0,1
APP_1014,Female,40,SC,111400.0,education,400000.0,360000.0,10.0,Secondary (10th),1,0,1,1,1,0.567,99.0,1
APP_1015,Female,24,SC,321700.0,green_energy,1032000.0,877000.0,15.0,No Formal Education,0,1,1,1,1,0.478,85.1,1
APP_1016,Male,29,SC,171000.0,term_loan,3517000.0,3165000.0,5.0,Secondary (10th),0,1,1,1,0,4.294,5.3,0
APP_1017,Male,23,ST,99900.0,micro_finance,78300.0,70500.0,2.0,Graduate,1,5,1,1,1,0.258,42.7,0
APP_1018,Female,27,SC,248000.0,green_energy,1044000.0,940000.0,10.0,Primary (1-8),1,0,0,1,1,0.664,38.1,0
APP_1019,Female,39,SC,264700.0,education,461000.0,415000.0,10.0,No Formal Education,1,4,1,1,1,0.275,99.0,1
APP_1020,Male,26,SC,69500.0,micro_finance,29800.0,26800.0,5.0,Graduate,1,6,1,1,1,0.141,99.0,1
APP_1021,Female,20,ST,303700.0,education,1583000.0,1425000.0,10.0,Post Graduate / Professional,1,0,1,1,1,0.823,5.0,0
APP_1022,Male,24,SC,260100.0,micro_finance,104400.0,94000.0,0.0,Higher Secondary (12th),0,4,0,1,1,0.132,54.0,1
APP_1023,Female,41,SC,125400.0,education,1544000.0,1390000.0,10.0,Secondary (10th),0,2,1,1,1,1.943,69.5,1
APP_1024,Female,37,SC,60900.0,micro_finance,112500.0,106900.0,5.0,Primary (1-8),0,5,1,1,1,0.641,64.8,1
APP_1025,Male,47,Safai Karamchari / Dependent,95500.0,term_loan,641000.0,577000.0,15.0,Secondary (10th),0,2,0,1,1,1.402,34.7,0
APP_1026,Male,18,SC,269900.0,term_loan,3899000.0,3509000.0,10.0,Graduate,1,0,1,1,1,3.016,66.1,1
APP_1027,Female,21,Safai Karamchari / Dependent,283400.0,green_energy,1233000.0,1048000.0,15.0,Graduate,1,2,1,1,1,0.648,88.2,1
APP_1028,Female,32,Safai Karamchari / Dependent,133200.0,green_energy,1224000.0,1163000.0,5.0,Primary (1-8),0,1,1,1,1,1.531,72.8,1
APP_1029,Female,26,SC,262500.0,education,881000.0,793000.0,0.0,Primary (1-8),0,0,1,1,1,0.53,91.7,1
APP_1030,Female,26,Safai Karamchari / Dependent,296200.0,green_energy,306000.0,260000.0,15.0,Primary (1-8),1,9,1,1,1,0.154,99.0,1
APP_1031,Female,38,SC,139200.0,term_loan,1359000.0,1223000.0,5.0,Higher Secondary (12th),1,7,1,1,1,2.038,80.8,1
APP_1032,Male,29,SC,151000.0,education,1890000.0,1701000.0,0.0,Higher Secondary (12th),1,7,1,1,1,1.975,64.6,1
APP_1033,Male,46,SC,166000.0,green_energy,1062000.0,903000.0,15.0,Secondary (10th),0,7,1,1,1,0.954,60.9,1
APP_1034,Male,27,SC,288500.0,sanitation,546000.0,519000.0,5.0,Primary (1-8),1,0,1,1,1,0.315,99.0,1
APP_1035,Female,45,ST,232400.0,micro_finance,66100.0,59500.0,10.0,Primary (1-8),0,6,1,1,1,0.093,46.5,0
APP_1036,Male,34,SC,227000.0,micro_finance,75700.0,68100.0,2.0,Graduate,1,1,1,1,1,0.11,95.8,1
APP_1037,Male,30,OBC,545100.0,sanitation,1467000.0,1320000.0,10.0,Secondary (10th),0,1,1,1,1,0.425,5.0,0
APP_1038,Female,32,SC,243800.0,green_energy,854000.0,726000.0,15.0,Primary (1-8),0,2,1,1,1,0.522,99.0,1
APP_1039,Female,25,SC,96700.0,sanitation,507000.0,482000.0,5.0,Secondary (10th),0,12,1,1,1,0.874,75.0,1
APP_1040,Male,18,SC,530300.0,sanitation,1006000.0,956000.0,5.0,Primary (1-8),1,1,0,1,1,0.316,11.9,0
APP_1041,Male,34,ST,125500.0,sanitation,1023000.0,972000.0,5.0,Secondary (10th),0,2,1,1,1,1.358,5.0,0
APP_1042,Other,32,SC,536800.0,term_loan,2703000.0,2433000.0,5.0,Higher Secondary (12th),1,0,1,1,1,1.051,8.5,0
APP_1043,Female,37,SC,411300.0,term_loan,3812000.0,3431000.0,20.0,Primary (1-8),1,0,1,1,0,1.935,15.0,0
APP_1044,Female,44,SC,316100.0,education,155000.0,140000.0,0.0,Primary (1-8),1,0,1,1,1,0.078,53.8,0
APP_1045,Male,26,SC,148500.0,sanitation,1251000.0,1126000.0,10.0,Higher Secondary (12th),0,3,1,1,1,1.329,66.9,1
APP_1046,Male,39,ST,286000.0,education,560000.0,504000.0,10.0,Higher Secondary (12th),0,0,1,1,1,0.309,46.0,0
APP_1047,Male,29,Safai Karamchari / Dependent,69900.0,sanitation,1112000.0,1001000.0,10.0,Secondary (10th),0,0,1,1,1,2.51,67.6,1
APP_1048,Female,34,SC,483900.0,micro_finance,38400.0,36500.0,2.0,Higher Secondary (12th),0,3,1,1,1,0.028,45.5,0
APP_1049,Female,34,Safai Karamchari / Dependent,137400.0,green_energy,481000.0,457000.0,5.0,Primary (1-8),0,0,1,1,1,0.583,99.0,1
APP_1050,Female,24,ST,110900.0,education,2011000.0,1810000.0,5.0,Primary (1-8),0,4,0,1,1,2.861,5.0,0
APP_1051,Female,39,Safai Karamchari / Dependent,242000.0,term_loan,2809000.0,2528000.0,20.0,Secondary (10th),1,0,1,1,1,2.423,77.2,1
APP_1052,Female,26,SC,299200.0,sanitation,1146000.0,1089000.0,5.0,Higher Secondary (12th),1,9,1,1,1,0.638,73.4,1
APP_1053,Male,30,OBC,106000.0,micro_finance,108600.0,97700.0,5.0,Higher Secondary (12th),0,3,1,1,1,0.336,42.8,0
APP_1054,Female,36,SC,229900.0,term_loan,637000.0,573000.0,5.0,Post Graduate / Professional,1,2,1,1,1,0.578,99.0,1
APP_1055,Female,31,SC,174900.0,green_energy,610000.0,580000.0,5.0,Primary (1-8),0,7,1,1,1,0.581,97.0,1
APP_1056,Male,36,SC,195100.0,sanitation,677000.0,663000.0,2.0,Primary (1-8),0,1,1,1,1,0.596,83.9,1
APP_1057,Female,45,ST,201200.0,sanitation,915000.0,824000.0,10.0,Higher Secondary (12th),0,7,1,0,1,0.718,5.0,0
APP_1058,Female,36,SC,192500.0,term_loan,753000.0,678000.0,20.0,Secondary (10th),0,3,1,1,1,0.817,69.7,1
APP_1059,Female,36,SC,249900.0,green_energy,946000.0,899000.0,5.0,Secondary (10th),0,0,1,1,1,0.631,67.2,1
APP_1060,Female,36,Safai Karamchari / Dependent,257800.0,micro_finance,130500.0,117400.0,10.0,Primary (1-8),0,0,1,1,1,0.166,99.0,1
APP_1061,Female,35,SC,593800.0,green_energy,965000.0,917000.0,5.0,No Formal Education,0,4,1,1,0,0.271,46.9,0
APP_1062,Male,23,Safai Karamchari / Dependent,184600.0,education,1150000.0,1035000.0,5.0,Primary (1-8),0,4,1,1,1,0.983,71.3,1
APP_1063,Female,27,SC,98600.0,education,1076000.0,968000.0,5.0,Primary (1-8),0,4,1,1,1,1.721,62.3,1
APP_1064,Female,42,SC,267600.0,education,2076000.0,1868000.0,0.0,Higher Secondary (12th),0,3,1,1,1,1.224,65.1,1
APP_1065,Male,26,Safai Karamchari / Dependent,191800.0,green_energy,1402000.0,1262000.0,10.0,Graduate,1,1,1,1,1,1.153,70.7,1
APP_1066,Female,25,SC,113900.0,term_loan,3389000.0,3050000.0,5.0,Secondary (10th),1,12,1,1,1,6.212,70.9,1
APP_1067,Male,41,SC,173300.0,sanitation,968000.0,949000.0,2.0,Secondary (10th),0,3,1,1,1,0.96,53.8,1
APP_1068,Male,34,ST,249100.0,education,727000.0,654000.0,0.0,Primary (1-8),1,3,1,0,1,0.46,39.3,0
APP_1069,Female,21,SC,243100.0,term_loan,1602000.0,1442000.0,15.0,Graduate,1,4,1,1,1,1.376,74.8,1
APP_1070,Female,24,Safai Karamchari / Dependent,254700.0,green_energy,671000.0,570000.0,15.0,Higher Secondary (12th),0,9,1,1,0,0.392,63.4,1
APP_1071,Male,32,ST,186200.0,education,1186000.0,1067000.0,10.0,Primary (1-8),0,11,0,1,1,1.005,5.0,0
APP_1072,Female,26,SC,264400.0,education,2143000.0,1929000.0,10.0,Secondary (10th),1,6,1,1,1,1.279,67.4,1
APP_1073,Male,25,SC,129000.0,micro_finance,47300.0,42600.0,0.0,Secondary (10th),1,2,1,1,1,0.121,99.0,1
APP_1074,Male,35,SC,130400.0,education,987000.0,888000.0,0.0,Primary (1-8),0,2,1,1,1,1.194,56.9,1
APP_1075,Male,36,SC,279100.0,sanitation,372000.0,353000.0,5.0,Higher Secondary (12th),0,16,1,1,1,0.222,96.0,1
APP_1076,Male,34,SC,142900.0,education,1502000.0,1352000.0,10.0,Post Graduate / Professional,1,7,1,1,0,1.659,6.3,0
APP_1077,Female,41,SC,131000.0,green_energy,1094000.0,1039000.0,5.0,Post Graduate / Professional,1,4,1,1,1,1.39,80.3,1
APP_1078,Male,21,Safai Karamchari / Dependent,276700.0,micro_finance,113100.0,101800.0,2.0,Higher Secondary (12th),1,5,1,1,1,0.134,99.0,1
APP_1079,Male,36,ST,134100.0,term_loan,1847000.0,1662000.0,15.0,Higher Secondary (12th),1,8,1,1,1,2.875,8.3,0
APP_1080,Male,38,ST,180400.0,term_loan,1199000.0,1079000.0,10.0,Primary (1-8),0,5,1,0,1,1.388,19.3,0
APP_1081,Male,45,SC,241000.0,education,626000.0,563000.0,10.0,Higher Secondary (12th),0,5,0,1,1,0.41,59.9,1
APP_1082,Female,31,SC,221500.0,green_energy,1058000.0,899000.0,15.0,Secondary (10th),0,1,1,1,1,0.711,66.8,1
APP_1083,Male,35,SC,388500.0,sanitation,220000.0,209000.0,5.0,Graduate,1,0,1,1,0,0.094,42.7,0
APP_1084,Other,54,SC,189000.0,education,1021000.0,919000.0,5.0,Higher Secondary (12th),0,1,0,1,1,0.852,10.7,0
APP_1085,Male,30,SC,207800.0,term_loan,3765000.0,3388000.0,15.0,No Formal Education,1,0,1,1,1,3.782,62.4,1
APP_1086,Other,29,SC,557900.0,micro_finance,27300.0,24600.0,5.0,Primary (1-8),1,0,1,1,1,0.016,52.4,0
APP_1087,Male,48,SC,297300.0,sanitation,1595000.0,1563000.0,2.0,No Formal Education,0,0,1,1,1,0.922,50.6,1
APP_1088,Male,27,Safai Karamchari / Dependent,126500.0,education,2461000.0,2215000.0,0.0,Secondary (10th),0,0,1,1,1,3.07,59.1,1
APP_1089,Male,55,SC,101800.0,education,207000.0,186000.0,10.0,Secondary (10th),1,3,1,1,1,0.32,99.0,1
APP_1090,Female,18,SC,317300.0,sanitation,1588000.0,1429000.0,10.0,Secondary (10th),0,5,0,1,1,0.789,5.0,0
APP_1091,Female,29,SC,166500.0,green_energy,1364000.0,1228000.0,10.0,Higher Secondary (12th),1,0,1,1,1,1.293,61.7,1
APP_1092,Female,38,SC,181300.0,education,1121000.0,1009000.0,10.0,Primary (1-8),0,1,1,1,1,0.976,67.3,1
APP_1093,Female,30,SC,168800.0,green_energy,712000.0,676000.0,5.0,Secondary (10th),1,1,1,1,1,0.702,68.4,1
APP_1094,Female,49,Safai Karamchari / Dependent,83200.0,green_energy,1147000.0,1090000.0,5.0,Secondary (10th),0,3,1,1,1,2.297,78.0,1
APP_1095,Male,37,OBC,279800.0,education,204000.0,184000.0,5.0,Higher Secondary (12th),1,3,1,1,1,0.115,55.3,0
APP_1096,Male,20,SC,87600.0,term_loan,1222000.0,1100000.0,10.0,Graduate,1,1,0,1,1,2.913,24.6,0
APP_1097,Female,31,ST,124200.0,sanitation,443000.0,399000.0,10.0,Higher Secondary (12th),0,0,1,1,1,0.563,42.4,0
APP_1098,Female,18,Safai Karamchari / Dependent,336700.0,green_energy,866000.0,779000.0,10.0,Secondary (10th),1,0,1,1,1,0.406,99.0,1
APP_1099,Male,18,ST,241100.0,sanitation,195000.0,191000.0,2.0,Primary (1-8),0,3,1,1,1,0.139,28.5,0
APP_1100,Female,30,SC,222800.0,sanitation,1025000.0,922000.0,10.0,Secondary (10th),1,1,0,1,1,0.725,35.7,0
APP_1101,Male,34,Safai Karamchari / Dependent,88800.0,term_loan,2065000.0,1858000.0,20.0,Primary (1-8),1,6,1,1,1,4.854,86.7,1
APP_1102,Female,25,ST,64500.0,education,2309000.0,2078000.0,5.0,Secondary (10th),0,0,1,1,1,5.648,5.3,0
APP_1103,Male,32,SC,484000.0,micro_finance,102800.0,92500.0,5.0,No Formal Education,0,3,1,1,1,0.07,45.3,0
APP_1104,Male,35,Safai Karamchari / Dependent,247000.0,green_energy,253000.0,215000.0,15.0,Primary (1-8),0,1,0,1,1,0.153,71.3,1
APP_1105,Female,28,SC,204600.0,term_loan,3077000.0,2769000.0,5.0,Primary (1-8),0,2,1,1,1,3.14,78.6,1
APP_1106,Male,32,ST,296800.0,green_energy,586000.0,498000.0,15.0,Secondary (10th),0,11,1,1,1,0.294,42.9,0
APP_1107,Female,29,SC,168500.0,sanitation,208000.0,198000.0,5.0,No Formal Education,0,1,1,1,1,0.206,99.0,1
APP_1108,Male,28,OBC,69800.0,green_energy,1377000.0,1170000.0,15.0,Higher Secondary (12th),1,0,1,1,1,2.938,6.2,0
APP_1109,Male,42,Safai Karamchari / Dependent,333700.0,micro_finance,97500.0,87800.0,0.0,Primary (1-8),0,7,1,1,1,0.096,55.3,0
APP_1110,Male,41,SC,222900.0,education,207000.0,186000.0,10.0,Higher Secondary (12th),1,1,1,1,1,0.146,99.0,1
APP_1111,Male,38,SC,93900.0,sanitation,765000.0,688000.0,10.0,Higher Secondary (12th),1,5,1,1,1,1.284,63.4,1
APP_1112,Male,33,SC,228700.0,green_energy,1429000.0,1215000.0,15.0,Graduate,1,1,1,1,1,0.931,62.6,1
APP_1113,Female,27,SC,494500.0,education,628000.0,565000.0,0.0,Primary (1-8),1,9,1,1,1,0.2,60.8,0
APP_1114,Female,32,SC,91500.0,sanitation,816000.0,800000.0,2.0,Primary (1-8),0,4,1,1,1,1.533,68.5,1
APP_1115,Female,30,SC,166600.0,micro_finance,54200.0,48800.0,10.0,Primary (1-8),1,8,0,1,1,0.107,81.3,1
APP_1116,Female,45,OBC,484700.0,term_loan,1235000.0,1112000.0,20.0,Secondary (10th),0,1,1,1,1,0.532,33.1,0
APP_1117,Female,31,SC,284200.0,education,1802000.0,1622000.0,10.0,Graduate,1,0,1,1,1,1.0,74.3,1
APP_1118,Male,36,SC,626700.0,term_loan,3556000.0,3200000.0,5.0,Secondary (10th),1,10,1,1,1,1.185,11.3,0
APP_1119,Female,51,OBC,216000.0,term_loan,3197000.0,2877000.0,10.0,No Formal Education,0,2,1,0,1,3.09,13.3,0
APP_1120,Female,24,SC,121400.0,green_energy,1277000.0,1085000.0,15.0,Graduate,1,3,1,1,1,1.567,68.9,1
APP_1121,Female,40,SC,169700.0,micro_finance,33300.0,30000.0,10.0,Secondary (10th),1,5,1,1,1,0.065,99.0,1
APP_1122,Female,33,SC,105000.0,green_energy,1052000.0,894000.0,15.0,Post Graduate / Professional,1,0,1,1,0,1.493,10.5,0
APP_1123,Female,18,ST,152900.0,sanitation,809000.0,728000.0,10.0,No Formal Education,0,7,1,1,1,0.835,16.9,0
APP_1124,Male,26,SC,191000.0,sanitation,1646000.0,1613000.0,2.0,Graduate,1,0,0,1,1,1.48,20.4,0
APP_1125,Female,39,Safai Karamchari / Dependent,130400.0,term_loan,319000.0,287000.0,10.0,Graduate,1,0,1,1,1,0.511,99.0,1
APP_1126,Female,36,Safai Karamchari / Dependent,145700.0,green_energy,1204000.0,1023000.0,15.0,Secondary (10th),1,0,1,1,1,1.231,75.5,1
APP_1127,Female,39,SC,148200.0,green_energy,1226000.0,1103000.0,10.0,Graduate,1,0,1,1,1,1.305,74.4,1
APP_1128,Female,20,SC,131000.0,sanitation,947000.0,852000.0,10.0,Secondary (10th),0,5,1,1,1,1.14,61.0,1
APP_1129,Male,28,SC,250000.0,education,219000.0,197000.0,10.0,Higher Secondary (12th),1,0,1,1,0,0.138,53.8,1
APP_1130,Male,36,SC,90300.0,term_loan,1059000.0,953000.0,15.0,Secondary (10th),0,1,1,1,1,2.448,62.4,1
APP_1131,Female,31,Safai Karamchari / Dependent,187100.0,education,1043000.0,939000.0,10.0,Primary (1-8),0,2,1,1,1,0.88,76.0,1
APP_1132,Female,36,Safai Karamchari / Dependent,111500.0,sanitation,1263000.0,1137000.0,10.0,Graduate,1,4,1,1,1,1.788,78.9,1
APP_1133,Other,38,Safai Karamchari / Dependent,694600.0,green_energy,1052000.0,894000.0,15.0,No Formal Education,0,1,0,1,1,0.226,13.4,0
APP_1134,Male,40,SC,108200.0,term_loan,685000.0,616000.0,20.0,No Formal Education,0,0,1,1,1,1.321,53.0,1
APP_1135,Male,34,SC,232100.0,sanitation,1009000.0,959000.0,5.0,Higher Secondary (12th),0,17,1,1,1,0.724,64.9,1
APP_1136,Female,34,ST,213600.0,sanitation,446000.0,437000.0,2.0,Secondary (10th),0,12,1,1,1,0.359,39.1,0
APP_1137,Female,54,OBC,287400.0,term_loan,2148000.0,1933000.0,15.0,Graduate,1,4,1,1,1,1.56,17.0,0
APP_1138,Male,53,SC,202000.0,education,1485000.0,1336000.0,0.0,Higher Secondary (12th),0,3,1,1,1,1.159,51.2,1
APP_1139,Female,33,OBC,123500.0,micro_finance,45300.0,40800.0,10.0,Higher Secondary (12th),1,3,0,1,1,0.121,24.9,0
APP_1140,Male,26,Safai Karamchari / Dependent,131400.0,education,257000.0,231000.0,0.0,Primary (1-8),0,2,1,1,1,0.308,99.0,1
APP_1141,Male,43,ST,352300.0,education,977000.0,879000.0,10.0,Primary (1-8),1,0,1,1,1,0.437,5.0,0
APP_1142,Female,37,SC,119600.0,micro_finance,123800.0,117600.0,2.0,Graduate,1,1,1,1,1,0.359,99.0,1
APP_1143,Female,39,ST,81600.0,sanitation,847000.0,805000.0,5.0,Post Graduate / Professional,1,0,1,1,1,1.729,14.9,0
APP_1144,Female,22,SC,92100.0,green_energy,507000.0,456000.0,10.0,Higher Secondary (12th),1,9,1,1,1,0.868,84.2,1
APP_1145,Female,33,SC,192000.0,sanitation,1668000.0,1501000.0,10.0,Higher Secondary (12th),1,5,0,1,1,1.37,38.6,0
APP_1146,Male,18,SC,204600.0,education,1051000.0,946000.0,0.0,No Formal Education,1,12,1,1,1,0.811,68.8,1
APP_1147,Male,36,SC,427400.0,sanitation,847000.0,762000.0,10.0,Higher Secondary (12th),1,2,1,1,1,0.313,53.4,0
APP_1148,Female,19,Safai Karamchari / Dependent,221700.0,sanitation,1962000.0,1766000.0,10.0,Secondary (10th),0,0,1,1,1,1.396,68.0,1
APP_1149,Male,36,Safai Karamchari / Dependent,198600.0,education,1826000.0,1643000.0,10.0,Secondary (10th),0,20,1,1,1,1.45,69.5,1
APP_1150,Female,34,OBC,64500.0,term_loan,1358000.0,1222000.0,10.0,Secondary (10th),1,5,1,1,1,4.395,15.2,0
APP_1151,Male,31,SC,299500.0,micro_finance,77400.0,69700.0,10.0,Secondary (10th),1,0,0,1,1,0.085,59.0,1
APP_1152,Male,35,SC,193900.0,education,624000.0,562000.0,5.0,Higher Secondary (12th),0,0,1,1,1,0.508,87.6,1
APP_1153,Male,43,Safai Karamchari / Dependent,89200.0,sanitation,1386000.0,1317000.0,5.0,Graduate,1,1,1,1,1,2.588,77.7,1
APP_1154,Female,36,Safai Karamchari / Dependent,166200.0,micro_finance,50800.0,45700.0,10.0,Primary (1-8),0,2,1,1,1,0.1,99.0,1
APP_1155,Male,35,SC,220800.0,micro_finance,83700.0,75300.0,2.0,No Formal Education,0,6,1,1,1,0.124,99.0,1
APP_1156,Male,52,OBC,216700.0,micro_finance,125700.0,113100.0,10.0,Secondary (10th),1,7,0,1,1,0.191,20.8,0
APP_1157,Male,24,SC,264100.0,micro_finance,24500.0,22000.0,2.0,Secondary (10th),0,0,0,1,1,0.03,53.7,1
APP_1158,Female,39,Safai Karamchari / Dependent,415800.0,green_energy,201000.0,181000.0,10.0,Secondary (10th),1,4,0,1,0,0.076,39.8,0
APP_1159,Male,30,ST,181000.0,sanitation,618000.0,606000.0,2.0,Secondary (10th),0,0,1,1,1,0.587,18.3,0
APP_1160,Male,43,SC,102100.0,education,2152000.0,1937000.0,5.0,Graduate,1,1,1,1,1,3.326,53.2,1
APP_1161,Female,41,OBC,152100.0,term_loan,1870000.0,1683000.0,15.0,Post Graduate / Professional,1,1,1,1,1,2.567,9.3,0
APP_1162,Female,47,SC,157300.0,term_loan,2085000.0,1876000.0,15.0,Higher Secondary (12th),0,1,0,1,1,2.767,28.4,0
APP_1163,Female,42,SC,449500.0,term_loan,2852000.0,2567000.0,20.0,Higher Secondary (12th),0,10,1,1,1,1.325,69.7,1
APP_1164,Male,18,SC,228900.0,sanitation,248000.0,223000.0,10.0,Primary (1-8),0,2,0,1,1,0.171,64.7,1
APP_1165,Female,33,SC,109300.0,term_loan,2395000.0,2156000.0,5.0,Graduate,1,1,1,1,1,4.576,72.0,1
APP_1166,Female,22,SC,233600.0,sanitation,852000.0,835000.0,2.0,Higher Secondary (12th),0,0,1,1,1,0.627,61.3,1
APP_1167,Male,24,SC,312700.0,micro_finance,69100.0,62200.0,2.0,Higher Secondary (12th),0,1,1,1,0,0.073,37.4,0
APP_1168,Female,33,ST,79300.0,green_energy,1452000.0,1234000.0,15.0,Primary (1-8),0,3,1,0,1,2.728,12.8,0
APP_1169,Male,29,SC,65500.0,term_loan,1299000.0,1169000.0,20.0,Secondary (10th),0,0,1,1,1,4.14,52.6,1
APP_1170,Female,29,SC,284700.0,micro_finance,126700.0,120400.0,2.0,Primary (1-8),1,0,1,1,1,0.154,99.0,1
APP_1171,Female,21,SC,189500.0,micro_finance,110500.0,105000.0,0.0,Primary (1-8),0,1,1,1,1,0.202,97.0,1
APP_1172,Male,51,SC,132400.0,sanitation,372000.0,335000.0,10.0,Secondary (10th),0,0,1,1,1,0.444,85.2,1
APP_1173,Male,38,SC,293300.0,term_loan,3775000.0,3398000.0,20.0,Higher Secondary (12th),1,0,1,1,1,2.688,68.0,1
APP_1174,Female,32,Safai Karamchari / Dependent,229800.0,sanitation,1631000.0,1598000.0,2.0,Secondary (10th),0,5,1,1,1,1.219,69.9,1
APP_1175,Female,27,SC,149100.0,term_loan,2212000.0,1991000.0,10.0,No Formal Education,1,0,1,1,1,3.098,72.9,1
APP_1176,Male,31,SC,268700.0,sanitation,733000.0,718000.0,2.0,Primary (1-8),1,3,1,1,1,0.468,80.5,1
APP_1177,Male,28,Safai Karamchari / Dependent,117400.0,term_loan,1388000.0,1249000.0,15.0,Secondary (10th),0,4,1,1,1,2.468,57.0,1
APP_1178,Female,39,Safai Karamchari / Dependent,242800.0,green_energy,582000.0,553000.0,5.0,Secondary (10th),0,2,1,1,1,0.399,99.0,1
APP_1179,Male,25,SC,130800.0,education,555000.0,500000.0,0.0,Secondary (10th),0,2,1,1,1,0.67,55.4,1
APP_1180,Male,19,SC,237500.0,education,1195000.0,1076000.0,10.0,Higher Secondary (12th),1,1,1,1,1,0.794,63.0,1
APP_1181,Other,32,OBC,261400.0,sanitation,241000.0,217000.0,10.0,No Formal Education,1,1,1,1,1,0.146,41.8,0
APP_1182,Female,28,SC,208300.0,term_loan,2717000.0,2445000.0,20.0,Higher Secondary (12th),1,0,1,1,1,2.723,64.6,1
APP_1183,Male,35,SC,227500.0,education,1122000.0,1010000.0,0.0,Primary (1-8),1,3,1,1,1,0.778,66.6,1
APP_1184,Female,33,SC,157400.0,education,1447000.0,1302000.0,10.0,Primary (1-8),0,0,1,1,1,1.45,70.4,1
APP_1185,Female,55,SC,73500.0,micro_finance,21100.0,20000.0,2.0,No Formal Education,0,4,1,1,0,0.099,53.1,1
APP_1186,Male,24,ST,276300.0,micro_finance,103100.0,92800.0,10.0,Primary (1-8),0,1,1,1,1,0.123,34.0,0
APP_1187,Female,46,ST,109700.0,micro_finance,37300.0,33600.0,10.0,Graduate,1,2,1,1,1,0.112,48.5,0
APP_1188,Female,21,Safai Karamchari / Dependent,297200.0,sanitation,1476000.0,1328000.0,10.0,Higher Secondary (12th),1,0,1,1,1,0.783,80.8,1
APP_1189,Male,29,OBC,245700.0,sanitation,156000.0,148000.0,5.0,Higher Secondary (12th),0,0,1,1,1,0.106,31.9,0
APP_1190,Male,28,SC,208500.0,term_loan,3223000.0,2901000.0,5.0,No Formal Education,1,0,1,1,1,3.228,57.7,1
APP_1191,Female,18,SC,477900.0,education,1922000.0,1730000.0,0.0,Primary (1-8),1,14,1,1,1,0.635,18.4,0
APP_1192,Female,31,SC,248300.0,micro_finance,123600.0,117400.0,0.0,Primary (1-8),1,12,1,1,1,0.173,99.0,1
APP_1193,Male,36,SC,93300.0,term_loan,1309000.0,1178000.0,20.0,Primary (1-8),1,1,1,1,1,2.929,63.4,1
APP_1194,Female,38,SC,202500.0,education,553000.0,498000.0,0.0,Primary (1-8),1,9,1,1,1,0.431,95.1,1
APP_1195,Female,52,SC,216200.0,education,1518000.0,1366000.0,5.0,Secondary (10th),0,1,1,1,0,1.108,16.1,0
APP_1196,Female,28,SC,198200.0,education,667000.0,600000.0,5.0,Primary (1-8),0,1,1,1,1,0.531,95.9,1
APP_1197,Female,36,Safai Karamchari / Dependent,234500.0,sanitation,1892000.0,1854000.0,2.0,Secondary (10th),1,0,1,1,1,1.386,59.3,1
APP_1198,Male,36,SC,120600.0,green_energy,358000.0,322000.0,10.0,Higher Secondary (12th),1,1,0,1,1,0.468,52.5,1
APP_1199,Male,23,ST,68800.0,sanitation,1940000.0,1746000.0,10.0,Graduate,1,2,1,1,1,4.449,8.3,0
APP_1200,Female,28,SC,214800.0,education,1645000.0,1480000.0,5.0,Post Graduate / Professional,1,1,1,1,1,1.208,70.2,1
APP_1201,Male,28,SC,149800.0,sanitation,980000.0,882000.0,10.0,Secondary (10th),0,4,1,1,1,1.032,63.8,1
APP_1202,Male,38,SC,235200.0,green_energy,620000.0,558000.0,10.0,Secondary (10th),1,2,1,1,1,0.416,99.0,1
APP_1203,Female,18,SC,87600.0,green_energy,1296000.0,1102000.0,15.0,Primary (1-8),0,9,0,1,1,2.205,27.8,0
APP_1204,Female,37,SC,392700.0,sanitation,870000.0,853000.0,2.0,Primary (1-8),0,9,1,1,1,0.381,45.0,0
APP_1205,Male,38,SC,109400.0,green_energy,1166000.0,1108000.0,5.0,Secondary (10th),0,6,1,1,1,1.775,67.9,1
APP_1206,Female,37,ST,213400.0,micro_finance,91600.0,82400.0,10.0,Secondary (10th),1,0,1,1,1,0.141,47.9,0
APP_1207,Male,31,SC,135200.0,education,657000.0,591000.0,0.0,Primary (1-8),0,5,1,1,1,0.766,53.4,1
APP_1208,Female,36,SC,280600.0,green_energy,1406000.0,1336000.0,5.0,Secondary (10th),0,1,1,1,1,0.835,73.4,1
APP_1209,Male,31,OBC,106800.0,micro_finance,66100.0,59500.0,10.0,Secondary (10th),0,5,1,1,1,0.203,44.7,0
APP_1210,Female,18,Safai Karamchari / Dependent,126000.0,sanitation,1121000.0,1099000.0,2.0,Higher Secondary (12th),0,2,1,1,1,1.529,66.0,1
APP_1211,Female,43,Safai Karamchari / Dependent,148000.0,sanitation,1663000.0,1630000.0,2.0,Higher Secondary (12th),0,2,1,1,1,1.931,66.8,1
APP_1212,Female,36,General,143700.0,term_loan,3294000.0,2965000.0,20.0,Graduate,1,1,1,1,1,4.787,8.9,0
APP_1213,Male,42,SC,207900.0,education,1979000.0,1781000.0,0.0,Graduate,1,3,1,1,1,1.502,62.5,1
APP_1214,Female,20,SC,694200.0,education,1724000.0,1552000.0,0.0,Primary (1-8),0,0,1,1,1,0.392,48.7,0
APP_1215,Male,38,SC,137300.0,term_loan,1103000.0,993000.0,20.0,Secondary (10th),0,2,1,1,1,1.678,66.2,1
APP_1216,Female,35,Safai Karamchari / Dependent,270600.0,micro_finance,74600.0,67100.0,10.0,Secondary (10th),1,0,1,1,1,0.091,99.0,1
APP_1217,Male,24,SC,618300.0,green_energy,687000.0,618000.0,10.0,Graduate,1,4,1,1,1,0.175,47.9,0
APP_1218,Male,34,SC,223800.0,term_loan,336000.0,302000.0,5.0,Higher Secondary (12th),0,5,1,1,1,0.313,97.6,1
APP_1219,Female,30,OBC,225300.0,green_energy,328000.0,279000.0,15.0,Secondary (10th),0,6,1,1,1,0.217,52.1,0
APP_1220,Female,31,ST,155100.0,micro_finance,56700.0,53900.0,2.0,Secondary (10th),1,5,1,1,1,0.127,45.1,0
APP_1221,Female,30,SC,226900.0,sanitation,1653000.0,1570000.0,5.0,Higher Secondary (12th),0,4,1,1,1,1.213,65.2,1
APP_1222,Female,41,ST,245600.0,micro_finance,110400.0,104900.0,2.0,Higher Secondary (12th),0,4,1,1,1,0.156,49.8,0
APP_1223,Female,19,Safai Karamchari / Dependent,96300.0,term_loan,1735000.0,1562000.0,20.0,Graduate,1,1,1,1,1,3.763,79.4,1
APP_1224,Female,18,SC,119500.0,green_energy,1020000.0,969000.0,5.0,Secondary (10th),0,2,1,1,1,1.421,75.5,1
APP_1225,Female,35,SC,154000.0,education,1644000.0,1480000.0,0.0,Secondary (10th),1,3,1,1,1,1.685,83.2,1
APP_1226,Other,34,OBC,266600.0,micro_finance,88200.0,79400.0,5.0,Secondary (10th),1,4,1,0,1,0.109,50.6,0
APP_1227,Female,35,SC,74500.0,sanitation,1600000.0,1440000.0,10.0,Primary (1-8),0,0,1,1,1,3.388,65.2,1
APP_1228,Male,50,SC,79000.0,sanitation,1850000.0,1813000.0,2.0,Secondary (10th),1,1,1,1,1,4.023,63.7,1
APP_1229,Female,35,SC,395500.0,micro_finance,49300.0,44400.0,10.0,Primary (1-8),0,9,1,1,1,0.041,53.5,0
APP_1230,Female,25,Safai Karamchari / Dependent,99300.0,term_loan,3819000.0,3437000.0,15.0,Primary (1-8),1,14,1,1,1,8.03,82.4,1
APP_1231,Female,56,SC,123100.0,micro_finance,137000.0,125000.0,0.0,Secondary (10th),0,1,1,1,1,0.371,99.0,1
APP_1232,Female,32,SC,233500.0,term_loan,1029000.0,926000.0,5.0,No Formal Education,0,5,1,1,1,0.92,65.9,1
APP_1233,Female,41,OBC,252700.0,term_loan,2899000.0,2609000.0,20.0,Primary (1-8),1,8,0,1,1,2.395,5.0,0
APP_1234,Female,22,SC,371700.0,sanitation,1628000.0,1595000.0,2.0,Post Graduate / Professional,1,4,1,1,1,0.752,8.5,0
APP_1235,Female,20,SC,130000.0,education,1979000.0,1781000.0,10.0,Higher Secondary (12th),0,2,1,1,1,2.402,66.7,1
APP_1236,Male,31,SC,96100.0,term_loan,3740000.0,3366000.0,5.0,Primary (1-8),1,2,1,1,0,8.126,10.6,0
APP_1237,Male,41,SC,133800.0,micro_finance,44600.0,40100.0,2.0,Secondary (10th),0,1,0,1,1,0.109,54.2,1
APP_1238,Male,50,ST,228200.0,micro_finance,64700.0,58200.0,0.0,Secondary (10th),0,0,1,1,1,0.093,35.6,0
APP_1239,Female,24,OBC,122600.0,micro_finance,57800.0,52000.0,10.0,Higher Secondary (12th),0,11,1,1,1,0.155,50.6,0
APP_1240,Female,31,Safai Karamchari / Dependent,85400.0,term_loan,1881000.0,1693000.0,15.0,Secondary (10th),0,0,0,1,1,4.599,30.5,0
APP_1241,Male,34,SC,133000.0,education,1785000.0,1606000.0,10.0,No Formal Education,0,3,1,1,1,2.117,60.8,1
APP_1242,Female,34,SC,256800.0,education,501000.0,451000.0,5.0,Graduate,1,0,1,1,1,0.308,99.0,1
APP_1243,Female,32,SC,113300.0,term_loan,913000.0,822000.0,20.0,Secondary (10th),0,0,1,1,1,1.683,63.8,1
APP_1244,Female,33,SC,477400.0,micro_finance,35500.0,33700.0,5.0,Primary (1-8),0,2,1,1,1,0.026,50.3,0
APP_1245,Male,46,SC,144900.0,green_energy,1376000.0,1238000.0,10.0,Primary (1-8),0,2,1,1,1,1.498,46.7,1
APP_1246,Male,45,ST,81100.0,education,1007000.0,906000.0,5.0,Primary (1-8),0,0,1,1,1,1.958,5.0,0
APP_1247,Other,36,Safai Karamchari / Dependent,190700.0,micro_finance,78200.0,70400.0,5.0,Secondary (10th),1,10,1,1,1,0.135,99.0,1
APP_1248,Female,21,General,244000.0,education,2499000.0,2249000.0,0.0,Primary (1-8),0,3,1,0,1,1.616,5.0,0
APP_1249,Male,30,OBC,295800.0,micro_finance,66600.0,59900.0,2.0,Primary (1-8),0,0,1,1,1,0.074,29.7,0
APP_1250,Male,42,SC,94100.0,micro_finance,133800.0,120400.0,10.0,Secondary (10th),1,0,1,1,1,0.467,98.4,1
APP_1251,Male,27,SC,380600.0,micro_finance,35700.0,32100.0,2.0,Graduate,1,3,1,1,1,0.031,43.4,0
APP_1252,Male,29,Safai Karamchari / Dependent,684200.0,term_loan,1588000.0,1429000.0,20.0,Secondary (10th),1,3,1,1,1,0.485,52.4,0
APP_1253,Male,30,SC,577400.0,green_energy,1404000.0,1264000.0,10.0,Primary (1-8),0,0,1,1,1,0.384,38.9,0
APP_1254,Female,40,SC,197500.0,term_loan,3425000.0,3082000.0,5.0,Primary (1-8),1,6,1,1,1,3.62,77.2,1
APP_1255,Male,48,SC,117100.0,micro_finance,137900.0,124100.0,2.0,Higher Secondary (12th),0,0,1,1,1,0.387,85.0,1
APP_1256,Female,39,SC,76300.0,education,701000.0,631000.0,0.0,Higher Secondary (12th),1,0,1,1,1,1.45,63.5,1
APP_1257,Male,18,SC,84300.0,green_energy,797000.0,677000.0,15.0,Higher Secondary (12th),0,7,1,1,1,1.408,68.8,1
APP_1258,Female,29,SC,142000.0,education,2229000.0,2006000.0,0.0,Higher Secondary (12th),0,1,0,1,1,2.476,28.2,0
APP_1259,Male,45,Safai Karamchari / Dependent,216900.0,sanitation,1254000.0,1191000.0,5.0,Primary (1-8),1,1,1,1,1,0.963,61.2,1
APP_1260,Female,22,SC,71900.0,sanitation,1186000.0,1127000.0,5.0,Primary (1-8),1,2,1,1,1,2.748,83.8,1
APP_1261,Male,18,SC,213200.0,sanitation,1956000.0,1858000.0,5.0,Graduate,1,10,1,1,1,1.528,64.3,1
APP_1262,Male,29,SC,151500.0,micro_finance,42400.0,38200.0,0.0,Primary (1-8),0,7,1,1,1,0.092,97.0,1
APP_1263,Female,42,SC,293000.0,micro_finance,90800.0,86300.0,0.0,Graduate,1,5,1,1,1,0.108,99.0,1
APP_1264,Male,30,SC,154800.0,green_energy,1303000.0,1238000.0,5.0,Secondary (10th),0,1,1,1,1,1.402,54.7,1
APP_1265,Male,53,SC,366900.0,micro_finance,45400.0,40900.0,2.0,Primary (1-8),0,1,0,1,0,0.041,5.0,0
APP_1266,Male,35,SC,665700.0,term_loan,408000.0,367000.0,20.0,Secondary (10th),0,14,1,1,1,0.128,44.1,0
APP_1267,Male,22,SC,160700.0,micro_finance,69700.0,62700.0,2.0,Secondary (10th),0,1,0,1,1,0.142,55.5,1
APP_1268,Male,35,ST,651200.0,micro_finance,51700.0,46500.0,10.0,Secondary (10th),0,1,1,1,1,0.026,5.0,0
APP_1269,Female,52,ST,117000.0,green_energy,1157000.0,1041000.0,10.0,Graduate,1,6,1,1,1,1.56,18.6,0
APP_1270,Male,36,SC,391200.0,green_energy,556000.0,473000.0,15.0,Secondary (10th),0,3,1,1,1,0.212,99.0,1
APP_1271,Female,24,ST,176300.0,term_loan,2139000.0,1925000.0,15.0,Graduate,1,8,1,1,1,2.533,17.6,0
APP_1272,Male,18,SC,101700.0,term_loan,3519000.0,3167000.0,10.0,Graduate,1,2,1,1,1,7.224,60.6,1
APP_1273,Female,30,SC,281500.0,education,1728000.0,1555000.0,0.0,Secondary (10th),0,3,1,1,1,0.968,64.0,1
APP_1274,Female,28,Safai Karamchari / Dependent,259400.0,education,299000.0,269000.0,0.0,Secondary (10th),1,1,1,0,1,0.182,46.0,1
APP_1275,Female,46,SC,247300.0,term_loan,3105000.0,2794000.0,5.0,Secondary (10th),1,1,1,1,1,2.621,65.6,1
APP_1276,Male,25,SC,557100.0,sanitation,905000.0,860000.0,5.0,Graduate,1,3,1,1,1,0.271,65.2,0
APP_1277,Female,34,SC,219000.0,sanitation,1702000.0,1617000.0,5.0,Secondary (10th),0,0,1,1,1,1.294,63.9,1
APP_1278,Other,28,SC,404500.0,education,1801000.0,1621000.0,10.0,Primary (1-8),1,2,1,1,1,0.703,12.6,0
APP_1279,Female,18,SC,66100.0,sanitation,1045000.0,993000.0,5.0,Primary (1-8),0,5,1,1,1,2.634,72.9,1
APP_1280,Male,33,SC,224700.0,sanitation,1313000.0,1247000.0,5.0,Graduate,1,4,1,1,1,0.973,75.9,1
APP_1281,Female,19,SC,122100.0,sanitation,1636000.0,1603000.0,2.0,Graduate,1,5,1,1,1,2.301,68.0,1
APP_1282,Female,39,ST,200500.0,education,1202000.0,1082000.0,0.0,Secondary (10th),0,1,1,0,1,0.946,5.0,0
APP_1283,Male,18,ST,131600.0,term_loan,358000.0,322000.0,10.0,Primary (1-8),1,0,1,1,1,0.568,37.7,0
APP_1284,Female,33,ST,79400.0,green_energy,599000.0,569000.0,5.0,Secondary (10th),1,0,1,1,1,1.256,13.1,0
APP_1285,Male,43,SC,81100.0,sanitation,1268000.0,1141000.0,10.0,Secondary (10th),0,4,1,1,1,2.466,60.6,1
APP_1286,Male,39,ST,187400.0,education,123000.0,111000.0,0.0,Higher Secondary (12th),1,4,1,1,1,0.104,47.4,0
APP_1287,Male,29,SC,71000.0,green_energy,1430000.0,1287000.0,10.0,Higher Secondary (12th),0,2,1,1,0,3.178,8.2,0
APP_1288,Other,37,SC,99600.0,education,2275000.0,2048000.0,5.0,No Formal Education,1,0,0,1,1,3.605,28.0,0
APP_1289,Female,41,SC,69000.0,sanitation,1765000.0,1677000.0,5.0,Higher Secondary (12th),0,0,1,1,1,4.261,63.7,1
APP_1290,Female,24,SC,89700.0,micro_finance,50300.0,47800.0,2.0,Primary (1-8),0,9,1,1,1,0.195,99.0,1
APP_1291,Female,44,SC,259400.0,sanitation,299000.0,269000.0,10.0,Higher Secondary (12th),1,6,1,1,1,0.182,99.0,1
APP_1292,Male,42,OBC,158300.0,education,468000.0,421000.0,10.0,Secondary (10th),1,0,0,1,1,0.466,5.0,0
APP_1293,Male,21,Safai Karamchari / Dependent,95800.0,micro_finance,30800.0,27700.0,0.0,Higher Secondary (12th),1,0,1,1,0,0.106,52.5,1
APP_1294,Female,35,SC,269800.0,education,2142000.0,1928000.0,5.0,Graduate,1,1,1,1,1,1.253,67.6,1
APP_1295,Female,31,SC,138900.0,micro_finance,127300.0,120900.0,5.0,Graduate,1,1,1,1,1,0.318,99.0,1
APP_1296,Female,47,SC,620000.0,green_energy,1026000.0,975000.0,5.0,Primary (1-8),0,1,1,1,1,0.276,49.0,0
APP_1297,Male,41,SC,165200.0,green_energy,975000.0,878000.0,10.0,Higher Secondary (12th),0,3,1,1,1,0.932,61.4,1
APP_1298,Male,34,SC,71000.0,green_energy,503000.0,453000.0,10.0,No Formal Education,0,9,1,1,1,1.118,65.3,1
APP_1299,Male,45,SC,185500.0,term_loan,2847000.0,2562000.0,5.0,Secondary (10th),0,1,1,1,1,3.204,51.6,1
APP_1300,Male,54,SC,321800.0,term_loan,2627000.0,2364000.0,10.0,Secondary (10th),0,7,1,1,1,1.704,58.2,1
APP_1301,Female,18,OBC,113400.0,education,1637000.0,1473000.0,5.0,Graduate,1,4,1,1,1,2.277,6.2,0
APP_1302,Female,30,SC,216800.0,green_energy,289000.0,260000.0,10.0,No Formal Education,0,1,1,1,0,0.21,46.6,1
APP_1303,Male,24,SC,169500.0,education,905000.0,814000.0,0.0,Graduate,1,0,1,1,1,0.842,51.7,1
APP_1304,Male,33,SC,113200.0,education,906000.0,815000.0,10.0,Post Graduate / Professional,1,1,1,1,1,1.262,63.2,1
APP_1305,Male,24,Safai Karamchari / Dependent,158200.0,term_loan,1129000.0,1016000.0,10.0,Primary (1-8),0,10,1,1,1,1.49,71.4,1
APP_1306,Female,42,SC,635000.0,education,1505000.0,1354000.0,5.0,Secondary (10th),0,10,1,1,1,0.374,51.9,0
APP_1307,Male,54,Safai Karamchari / Dependent,182000.0,sanitation,1850000.0,1813000.0,2.0,Higher Secondary (12th),1,0,1,1,1,1.746,61.7,1
APP_1308,Male,35,SC,295100.0,sanitation,1840000.0,1803000.0,2.0,Primary (1-8),0,3,0,1,1,1.071,22.5,0
APP_1309,Male,19,ST,262300.0,green_energy,890000.0,801000.0,10.0,Higher Secondary (12th),0,0,1,1,1,0.535,25.4,0
APP_1310,Male,28,ST,230500.0,education,2440000.0,2196000.0,0.0,Secondary (10th),0,5,1,1,1,1.67,5.0,0
APP_1311,Male,29,OBC,221800.0,green_energy,1357000.0,1153000.0,15.0,Primary (1-8),0,12,1,1,1,0.911,5.0,0
APP_1312,Female,46,SC,248500.0,term_loan,3937000.0,3543000.0,15.0,Primary (1-8),1,4,1,1,1,3.308,72.1,1
APP_1313,Male,37,SC,595800.0,education,2173000.0,1956000.0,10.0,Higher Secondary (12th),1,0,1,1,1,0.576,35.1,0
APP_1314,Male,35,SC,690300.0,micro_finance,57500.0,51800.0,0.0,No Formal Education,1,3,1,1,1,0.027,39.4,0
APP_1315,Male,26,Safai Karamchari / Dependent,241200.0,term_loan,2254000.0,2029000.0,10.0,Higher Secondary (12th),0,7,1,1,1,1.952,68.8,1
APP_1316,Male,28,Safai Karamchari / Dependent,69800.0,term_loan,1225000.0,1102000.0,15.0,Primary (1-8),0,7,1,1,1,3.663,66.1,1
APP_1317,Female,38,ST,245700.0,term_loan,2558000.0,2302000.0,15.0,Secondary (10th),0,2,1,1,1,2.174,13.4,0
APP_1318,Male,32,SC,98200.0,term_loan,2241000.0,2017000.0,20.0,No Formal Education,1,1,1,1,1,4.765,58.0,1
APP_1319,Male,41,SC,194700.0,term_loan,3046000.0,2741000.0,5.0,Primary (1-8),1,2,1,1,1,3.266,62.2,1
APP_1320,Male,29,SC,279800.0,term_loan,3788000.0,3409000.0,20.0,Primary (1-8),0,6,1,1,1,2.827,61.1,1
APP_1321,Male,18,SC,275600.0,sanitation,466000.0,419000.0,10.0,No Formal Education,1,3,0,1,1,0.267,67.6,1
APP_1322,Female,29,SC,224500.0,micro_finance,120300.0,114300.0,2.0,Secondary (10th),0,3,0,1,1,0.186,73.2,1
APP_1323,Male,19,SC,139600.0,micro_finance,30500.0,27400.0,0.0,Primary (1-8),1,7,1,1,1,0.072,99.0,1
APP_1324,Female,39,SC,64100.0,green_energy,1059000.0,900000.0,15.0,No Formal Education,0,6,1,1,1,2.461,73.5,1
APP_1325,Female,37,SC,224600.0,micro_finance,92800.0,88200.0,5.0,Higher Secondary (12th),0,6,1,1,1,0.143,99.0,1
APP_1326,Female,43,Safai Karamchari / Dependent,263900.0,sanitation,660000.0,594000.0,10.0,Primary (1-8),0,3,0,1,1,0.395,86.8,1
APP_1327,Male,28,SC,356600.0,education,181000.0,163000.0,10.0,Secondary (10th),0,7,0,1,1,0.08,12.4,0
APP_1328,Female,32,ST,357000.0,education,525000.0,472000.0,10.0,Graduate,1,1,1,1,1,0.232,5.0,0
APP_1329,Female,27,SC,76200.0,sanitation,287000.0,258000.0,10.0,Secondary (10th),0,5,1,1,1,0.594,99.0,1
APP_1330,Male,34,ST,168200.0,education,1572000.0,1415000.0,5.0,Higher Secondary (12th),1,0,1,0,0,1.475,5.0,0
APP_1331,Female,41,SC,237600.0,term_loan,1829000.0,1646000.0,15.0,Primary (1-8),0,13,1,1,1,1.607,60.6,1
APP_1332,Male,21,SC,79700.0,education,759000.0,683000.0,0.0,Graduate,1,3,1,1,1,1.502,65.7,1
APP_1333,Male,47,SC,198900.0,micro_finance,112300.0,101100.0,2.0,Graduate,1,0,1,1,1,0.186,98.1,1
APP_1334,Female,36,ST,265700.0,education,404000.0,364000.0,10.0,Secondary (10th),1,11,1,1,1,0.24,62.9,0
APP_1335,Male,44,Safai Karamchari / Dependent,98200.0,sanitation,1176000.0,1058000.0,10.0,Higher Secondary (12th),0,9,1,1,1,1.889,60.8,1
APP_1336,Male,29,SC,116200.0,term_loan,2724000.0,2452000.0,15.0,Secondary (10th),0,1,0,1,1,4.895,21.0,0
APP_1337,Male,30,SC,260400.0,micro_finance,51600.0,46400.0,2.0,Secondary (10th),1,3,1,1,1,0.065,99.0,1
APP_1338,Female,44,ST,144700.0,education,2180000.0,1962000.0,5.0,Higher Secondary (12th),0,0,1,0,1,2.377,5.0,0
APP_1339,Female,37,SC,104900.0,term_loan,1545000.0,1390000.0,5.0,Higher Secondary (12th),0,0,1,1,1,3.074,60.4,1
APP_1340,Female,48,SC,65400.0,green_energy,208000.0,177000.0,15.0,Secondary (10th),1,4,1,1,1,0.474,99.0,1
APP_1341,Female,18,SC,539700.0,term_loan,2320000.0,2088000.0,5.0,Graduate,1,20,1,1,1,0.898,18.0,0
APP_1342,Other,20,ST,259300.0,sanitation,1242000.0,1118000.0,10.0,Graduate,1,0,1,1,1,0.756,5.0,0
APP_1343,Male,39,SC,150800.0,education,400000.0,360000.0,0.0,Primary (1-8),0,0,1,1,1,0.418,84.9,1
APP_1344,Female,36,ST,270700.0,micro_finance,83800.0,79600.0,0.0,No Formal Education,0,3,0,1,1,0.107,5.2,0
APP_1345,Male,31,SC,187200.0,green_energy,460000.0,414000.0,10.0,Higher Secondary (12th),1,10,1,1,1,0.388,99.0,1
APP_1346,Female,50,SC,115800.0,sanitation,1732000.0,1645000.0,5.0,Secondary (10th),0,1,1,1,1,2.49,57.6,1
APP_1347,Male,42,SC,217100.0,micro_finance,102500.0,92200.0,5.0,Secondary (10th),1,0,1,1,1,0.155,99.0,1
APP_1348,Female,22,SC,223300.0,sanitation,1534000.0,1457000.0,5.0,Secondary (10th),0,6,1,1,1,1.144,75.2,1
APP_1349,Male,38,Safai Karamchari / Dependent,93100.0,education,2170000.0,1953000.0,0.0,Higher Secondary (12th),0,0,1,1,1,3.677,57.9,1
APP_1350,Male,37,Safai Karamchari / Dependent,224300.0,green_energy,220000.0,198000.0,10.0,Post Graduate / Professional,1,5,1,1,1,0.155,99.0,1
APP_1351,Female,38,SC,206200.0,green_energy,1128000.0,1015000.0,10.0,Higher Secondary (12th),0,3,1,1,0,0.863,16.0,0
APP_1352,Male,35,SC,217700.0,term_loan,3245000.0,2920000.0,15.0,Primary (1-8),0,5,1,1,1,3.112,63.5,1
APP_1353,Female,24,SC,334700.0,micro_finance,53100.0,47800.0,10.0,Secondary (10th),1,0,1,1,1,0.052,54.8,0
APP_1354,Male,27,SC,194200.0,micro_finance,90000.0,81000.0,5.0,Post Graduate / Professional,1,0,1,1,1,0.152,99.0,1
APP_1355,Female,27,SC,194100.0,sanitation,1056000.0,1003000.0,5.0,Graduate,1,3,0,1,1,0.906,39.9,0
APP_1356,Female,41,SC,176100.0,sanitation,562000.0,534000.0,5.0,Post Graduate / Professional,1,1,1,1,1,0.532,96.7,1
APP_1357,Female,31,SC,112900.0,micro_finance,104100.0,98900.0,5.0,Secondary (10th),1,0,1,1,1,0.32,99.0,1
APP_1358,Female,29,SC,78200.0,education,2334000.0,2101000.0,5.0,Secondary (10th),1,3,1,1,1,4.71,62.9,1
APP_1359,Male,43,SC,269500.0,term_loan,946000.0,851000.0,10.0,Graduate,1,6,1,1,1,0.733,61.5,1
APP_1360,Male,25,SC,243400.0,micro_finance,85000.0,76500.0,0.0,Graduate,1,0,1,1,1,0.115,96.8,1
APP_1361,Male,55,SC,666400.0,sanitation,633000.0,620000.0,2.0,Higher Secondary (12th),1,4,1,1,1,0.163,46.9,0
APP_1362,Male,32,SC,102000.0,micro_finance,137200.0,123500.0,10.0,Secondary (10th),1,1,1,1,1,0.442,92.1,1
APP_1363,Male,26,SC,116900.0,education,1221000.0,1099000.0,10.0,Secondary (10th),1,1,1,1,1,1.648,62.2,1
APP_1364,Male,24,SC,91500.0,education,1474000.0,1327000.0,0.0,Graduate,1,2,1,1,1,2.542,60.6,1
APP_1365,Female,42,OBC,253400.0,term_loan,830000.0,747000.0,20.0,Primary (1-8),0,0,1,1,1,0.684,6.1,0
APP_1366,Female,46,SC,155600.0,green_energy,1082000.0,1028000.0,5.0,Primary (1-8),1,0,1,1,1,1.158,74.6,1
APP_1367,Female,50,SC,403100.0,education,128000.0,115000.0,0.0,Secondary (10th),0,7,1,1,1,0.05,49.8,0
APP_1368,Female,42,Safai Karamchari / Dependent,221600.0,sanitation,1026000.0,923000.0,10.0,Secondary (10th),1,1,1,1,0,0.73,26.2,0
APP_1369,Male,35,ST,207000.0,term_loan,1708000.0,1537000.0,5.0,No Formal Education,1,5,1,1,1,1.723,11.8,0
APP_1370,Male,52,SC,267100.0,sanitation,790000.0,711000.0,10.0,Secondary (10th),0,2,1,1,1,0.467,86.6,1
APP_1371,Male,30,OBC,79200.0,term_loan,793000.0,714000.0,5.0,No Formal Education,0,0,1,1,1,2.091,5.0,0
APP_1372,Male,28,SC,97300.0,sanitation,1344000.0,1277000.0,5.0,Secondary (10th),1,7,1,1,1,2.301,64.6,1
APP_1373,Female,24,SC,430100.0,term_loan,1983000.0,1785000.0,15.0,Secondary (10th),1,5,0,1,1,0.963,37.4,0
APP_1374,Male,33,SC,185600.0,green_energy,1013000.0,912000.0,10.0,Graduate,1,2,1,1,1,0.861,77.7,1
APP_1375,Female,25,SC,255700.0,green_energy,1295000.0,1166000.0,10.0,Primary (1-8),0,19,1,1,1,0.799,71.8,1
APP_1376,Female,34,SC,115500.0,education,97000.0,87000.0,5.0,Primary (1-8),0,0,1,1,1,0.132,99.0,1
APP_1377,Male,29,SC,210100.0,green_energy,847000.0,720000.0,15.0,Graduate,1,0,1,1,1,0.601,63.1,1
APP_1378,Female,31,SC,86500.0,green_energy,765000.0,688000.0,10.0,Primary (1-8),0,7,1,1,1,1.394,59.7,1
APP_1379,Female,42,OBC,90000.0,sanitation,933000.0,914000.0,2.0,Primary (1-8),1,1,1,1,1,1.78,9.4,0
APP_1380,Other,22,SC,139300.0,green_energy,1289000.0,1225000.0,5.0,No Formal Education,0,15,1,1,1,1.542,52.7,1
APP_1381,Male,19,Safai Karamchari / Dependent,244400.0,education,682000.0,614000.0,5.0,Primary (1-8),0,4,1,1,1,0.44,99.0,1
APP_1382,Female,43,SC,137500.0,term_loan,2572000.0,2315000.0,5.0,Higher Secondary (12th),0,8,1,1,1,3.906,67.8,1
APP_1383,Male,19,ST,87100.0,education,1612000.0,1451000.0,5.0,No Formal Education,0,3,1,1,1,2.92,5.0,0
APP_1384,Male,47,SC,97200.0,micro_finance,112500.0,101200.0,2.0,Primary (1-8),1,4,1,1,0,0.38,53.9,1
APP_1385,Female,37,SC,250000.0,micro_finance,35100.0,33300.0,2.0,Secondary (10th),0,8,1,1,1,0.049,99.0,1
APP_1386,Female,29,SC,120200.0,term_loan,302000.0,272000.0,20.0,Secondary (10th),0,12,1,1,1,0.525,94.6,1
APP_1387,Male,36,SC,279500.0,education,1422000.0,1280000.0,0.0,Secondary (10th),0,2,1,1,1,0.803,53.5,1
APP_1388,Female,38,SC,265600.0,sanitation,1574000.0,1543000.0,2.0,Secondary (10th),1,2,0,1,1,1.018,33.1,0
APP_1389,Male,18,SC,158400.0,green_energy,585000.0,556000.0,5.0,Secondary (10th),1,3,1,1,1,0.615,68.2,1
APP_1390,Female,30,SC,214000.0,term_loan,1646000.0,1481000.0,20.0,Secondary (10th),0,12,1,1,1,1.606,62.4,1
APP_1391,Female,41,ST,282800.0,micro_finance,119800.0,107800.0,10.0,Graduate,1,1,1,0,1,0.139,43.8,0
APP_1392,Male,29,SC,187000.0,education,1857000.0,1671000.0,5.0,No Formal Education,1,12,1,1,1,1.566,68.7,1
APP_1393,Female,19,SC,210100.0,green_energy,392000.0,333000.0,15.0,Secondary (10th),0,0,1,1,1,0.278,99.0,1
APP_1394,Male,34,SC,156400.0,green_energy,606000.0,576000.0,5.0,Secondary (10th),0,1,0,1,1,0.646,13.6,0
APP_1395,Male,31,SC,258300.0,education,863000.0,777000.0,0.0,Secondary (10th),1,1,1,1,1,0.527,93.2,1
APP_1396,Female,47,SC,295900.0,green_energy,954000.0,811000.0,15.0,Primary (1-8),0,0,1,1,1,0.48,97.3,1
APP_1397,Male,41,SC,197200.0,education,308000.0,277000.0,5.0,Secondary (10th),1,2,1,1,1,0.246,99.0,1
APP_1398,Female,37,SC,593700.0,education,1831000.0,1648000.0,5.0,Primary (1-8),0,3,1,1,1,0.487,45.2,0
APP_1399,Male,31,SC,151600.0,sanitation,1582000.0,1503000.0,5.0,Secondary (10th),0,0,1,1,1,1.738,56.9,1
APP_1400,Male,33,Safai Karamchari / Dependent,553600.0,term_loan,2584000.0,2326000.0,5.0,Secondary (10th),1,2,1,1,1,0.975,19.8,0
APP_1401,Female,32,SC,688400.0,term_loan,3048000.0,2743000.0,5.0,Primary (1-8),1,9,1,1,1,0.924,14.8,0
APP_1402,Male,34,SC,155600.0,sanitation,926000.0,833000.0,10.0,Primary (1-8),1,0,1,1,1,0.938,52.0,1
APP_1403,Male,35,General,118200.0,term_loan,1175000.0,1058000.0,20.0,Secondary (10th),0,7,1,1,1,2.077,5.0,0
APP_1404,Female,42,SC,244700.0,education,490000.0,441000.0,5.0,Higher Secondary (12th),0,2,1,1,1,0.316,93.5,1
APP_1405,Female,26,SC,264700.0,term_loan,583000.0,525000.0,5.0,Primary (1-8),0,0,1,1,1,0.46,95.0,1
APP_1406,Male,43,SC,65500.0,education,586000.0,527000.0,10.0,Primary (1-8),0,0,1,1,1,1.41,49.8,1
APP_1407,Male,36,SC,277400.0,term_loan,2178000.0,1960000.0,15.0,Primary (1-8),1,2,1,1,1,1.639,63.7,1
APP_1408,Female,32,SC,279100.0,micro_finance,63200.0,60000.0,0.0,No Formal Education,0,4,1,1,1,0.078,99.0,1
APP_1409,Male,33,SC,81100.0,micro_finance,43900.0,39500.0,10.0,Secondary (10th),0,3,1,1,1,0.178,99.0,1
APP_1410,Female,35,SC,144500.0,green_energy,994000.0,944000.0,5.0,Post Graduate / Professional,1,0,1,1,1,1.145,75.3,1
APP_1411,Male,35,Safai Karamchari / Dependent,193200.0,green_energy,528000.0,502000.0,5.0,Secondary (10th),1,3,1,1,1,0.455,99.0,1
APP_1412,Male,39,SC,197500.0,sanitation,910000.0,864000.0,5.0,Graduate,1,1,1,1,1,0.767,56.3,1
APP_1413,Male,27,SC,225200.0,sanitation,1807000.0,1771000.0,2.0,Secondary (10th),0,3,1,1,1,1.379,56.5,1
APP_1414,Female,33,SC,347400.0,term_loan,1373000.0,1236000.0,10.0,Higher Secondary (12th),0,7,0,1,1,0.825,34.6,0
APP_1415,Male,37,Safai Karamchari / Dependent,237200.0,green_energy,355000.0,337000.0,5.0,Primary (1-8),1,4,1,1,1,0.249,99.0,1
APP_1416,Male,31,SC,66300.0,sanitation,251000.0,238000.0,5.0,Primary (1-8),0,1,1,1,1,0.629,59.8,1
APP_1417,Male,43,SC,67700.0,green_energy,1182000.0,1123000.0,5.0,Graduate,1,5,1,1,1,2.908,69.8,1
APP_1418,Female,31,ST,646900.0,term_loan,2036000.0,1832000.0,15.0,Graduate,1,5,1,1,1,0.657,5.0,0
APP_1419,Male,35,SC,528800.0,green_energy,874000.0,743000.0,15.0,Graduate,1,0,1,1,1,0.246,41.9,0
APP_1420,Male,24,SC,296100.0,micro_finance,24700.0,22200.0,10.0,Secondary (10th),0,1,1,1,1,0.027,87.8,1
APP_1421,Male,26,SC,130700.0,education,2304000.0,2074000.0,10.0,Secondary (10th),1,2,1,1,1,2.782,74.8,1
APP_1422,Female,28,SC,518600.0,micro_finance,67200.0,63800.0,5.0,Secondary (10th),1,0,1,1,1,0.045,48.4,0
APP_1423,Female,35,SC,230800.0,green_energy,371000.0,315000.0,15.0,Primary (1-8),1,3,1,1,1,0.239,99.0,1
APP_1424,Male,27,OBC,98400.0,green_energy,893000.0,848000.0,5.0,Higher Secondary (12th),0,1,1,1,1,1.511,6.3,0
APP_1425,Female,34,Safai Karamchari / Dependent,134300.0,term_loan,3109000.0,2798000.0,20.0,Primary (1-8),1,2,0,1,1,4.833,53.6,1
APP_1426,Female,21,ST,61400.0,micro_finance,125900.0,119600.0,2.0,Primary (1-8),0,3,1,1,1,0.711,5.0,0
APP_1427,Female,54,SC,193800.0,micro_finance,119000.0,113000.0,0.0,Primary (1-8),1,5,1,1,1,0.213,99.0,1
APP_1428,Male,39,SC,319600.0,sanitation,892000.0,874000.0,2.0,Primary (1-8),1,10,1,1,1,0.479,41.3,0
APP_1429,Female,31,SC,283600.0,sanitation,277000.0,263000.0,5.0,Secondary (10th),0,9,1,1,1,0.163,99.0,1
APP_1430,Female,27,SC,125900.0,micro_finance,83200.0,79000.0,2.0,Higher Secondary (12th),0,2,1,1,1,0.229,99.0,1
APP_1431,Male,26,SC,694500.0,micro_finance,54500.0,49000.0,5.0,Primary (1-8),0,1,1,1,1,0.026,35.1,0
APP_1432,Male,35,SC,103200.0,green_energy,973000.0,827000.0,15.0,Primary (1-8),1,1,1,1,1,1.405,69.0,1
APP_1433,Male,47,General,140100.0,term_loan,2308000.0,2077000.0,10.0,No Formal Education,1,1,1,1,1,3.439,5.9,0
APP_1434,Male,25,Safai Karamchari / Dependent,140000.0,sanitation,852000.0,767000.0,10.0,Higher Secondary (12th),1,0,1,1,1,0.96,68.9,1
APP_1435,Male,25,Safai Karamchari / Dependent,175600.0,green_energy,997000.0,847000.0,15.0,Graduate,1,2,1,1,1,0.846,77.8,1
APP_1436,Female,28,Safai Karamchari / Dependent,188600.0,sanitation,496000.0,446000.0,10.0,Secondary (10th),0,2,1,1,1,0.415,99.0,1
APP_1437,Female,46,SC,99800.0,micro_finance,92700.0,88100.0,2.0,Secondary (10th),0,2,1,1,1,0.322,99.0,1
APP_1438,Female,35,SC,448600.0,micro_finance,119500.0,113500.0,5.0,Primary (1-8),1,10,1,1,1,0.092,57.9,0
APP_1439,Female,44,SC,180000.0,micro_finance,42800.0,38500.0,10.0,Higher Secondary (12th),0,7,1,1,1,0.078,99.0,1
APP_1440,Male,27,SC,170200.0,sanitation,1456000.0,1310000.0,10.0,Primary (1-8),1,3,1,1,1,1.349,63.7,1
APP_1441,Female,44,SC,218200.0,education,836000.0,752000.0,10.0,Higher Secondary (12th),0,8,1,1,1,0.604,66.5,1
APP_1442,Female,22,SC,95800.0,sanitation,620000.0,608000.0,2.0,Post Graduate / Professional,1,5,1,1,1,1.113,66.5,1
APP_1443,Female,41,Safai Karamchari / Dependent,118800.0,education,252000.0,227000.0,10.0,Graduate,1,1,1,1,1,0.335,99.0,1
APP_1444,Female,27,SC,103000.0,micro_finance,91500.0,82400.0,10.0,Higher Secondary (12th),1,3,1,1,1,0.292,99.0,1
APP_1445,Female,54,ST,196300.0,sanitation,277000.0,249000.0,10.0,Secondary (10th),0,0,1,1,1,0.222,36.8,0
APP_1446,Male,39,SC,403200.0,term_loan,1549000.0,1394000.0,10.0,Higher Secondary (12th),0,0,1,1,1,0.802,57.1,1
APP_1447,Female,45,SC,263000.0,micro_finance,53900.0,51200.0,5.0,Higher Secondary (12th),1,2,1,1,1,0.071,99.0,1
APP_1448,Male,28,SC,170600.0,education,1509000.0,1358000.0,0.0,Higher Secondary (12th),0,3,0,1,1,1.395,13.2,0
APP_1449,Female,36,General,142100.0,sanitation,1419000.0,1391000.0,2.0,Higher Secondary (12th),1,0,0,1,1,1.716,5.0,0
APP_1450,Male,26,SC,166900.0,sanitation,685000.0,651000.0,5.0,No Formal Education,1,1,1,1,1,0.684,70.2,1
APP_1451,Male,42,SC,93300.0,green_energy,934000.0,794000.0,15.0,Graduate,1,16,1,1,1,1.492,72.5,1
APP_1452,Male,39,SC,136000.0,sanitation,1184000.0,1066000.0,10.0,Secondary (10th),0,1,1,1,1,1.374,63.1,1
APP_1453,Male,24,SC,264600.0,micro_finance,27500.0,24800.0,0.0,No Formal Education,0,1,0,1,1,0.034,51.4,1
APP_1454,Female,34,Safai Karamchari / Dependent,136400.0,micro_finance,65900.0,59300.0,10.0,Secondary (10th),1,0,1,1,1,0.159,99.0,1
APP_1455,Male,28,SC,568000.0,education,405000.0,364000.0,0.0,Higher Secondary (12th),1,2,0,1,0,0.112,15.5,0
APP_1456,Female,36,SC,169400.0,term_loan,3187000.0,2868000.0,20.0,Higher Secondary (12th),0,2,1,1,1,3.928,72.2,1
APP_1457,Female,23,SC,263200.0,term_loan,1061000.0,955000.0,15.0,Secondary (10th),0,3,1,1,1,0.842,61.8,1
APP_1458,Male,49,OBC,235200.0,micro_finance,83200.0,74900.0,5.0,Secondary (10th),1,2,0,1,1,0.116,14.1,0
APP_1459,Male,34,SC,207100.0,micro_finance,128400.0,115600.0,0.0,Secondary (10th),0,11,1,1,1,0.204,91.6,1
APP_1460,Female,38,SC,599800.0,education,1839000.0,1655000.0,10.0,Primary (1-8),0,0,1,1,1,0.484,33.4,0
APP_1461,Male,25,SC,79800.0,education,1304000.0,1174000.0,5.0,Primary (1-8),0,2,1,1,1,2.579,60.4,1
APP_1462,Female,27,SC,167200.0,sanitation,1635000.0,1553000.0,5.0,Higher Secondary (12th),1,3,1,1,1,1.628,81.2,1
APP_1463,Male,29,SC,261000.0,micro_finance,110300.0,99300.0,10.0,Higher Secondary (12th),1,0,1,1,1,0.139,95.0,1
APP_1464,Female,44,SC,72600.0,education,1203000.0,1083000.0,5.0,Secondary (10th),0,2,1,1,1,2.615,68.7,1
APP_1465,Female,27,SC,304700.0,green_energy,1402000.0,1262000.0,10.0,Secondary (10th),1,4,1,1,1,0.726,76.1,1
APP_1466,Male,35,OBC,280300.0,sanitation,1731000.0,1644000.0,5.0,Primary (1-8),0,5,1,1,1,1.028,5.0,0
APP_1467,Male,24,SC,141000.0,term_loan,2808000.0,2527000.0,10.0,Secondary (10th),1,1,1,1,1,4.158,57.6,1
APP_1468,Female,18,SC,128000.0,sanitation,467000.0,458000.0,2.0,Higher Secondary (12th),1,1,1,1,1,0.627,67.5,1
APP_1469,Male,53,Safai Karamchari / Dependent,265500.0,sanitation,347000.0,312000.0,10.0,Higher Secondary (12th),0,2,1,1,1,0.206,99.0,1
APP_1470,Female,33,SC,555500.0,term_loan,3702000.0,3332000.0,15.0,Higher Secondary (12th),0,16,1,1,1,1.392,17.2,0
APP_1471,Female,30,SC,299000.0,micro_finance,51000.0,48400.0,5.0,Primary (1-8),1,9,0,1,1,0.059,82.3,1
APP_1472,Female,34,SC,207400.0,green_energy,293000.0,264000.0,10.0,Higher Secondary (12th),1,1,1,1,1,0.223,99.0,1
APP_1473,Female,39,SC,60200.0,green_energy,201000.0,181000.0,10.0,Primary (1-8),0,1,0,1,1,0.527,61.0,1
APP_1474,Female,32,SC,254900.0,green_energy,245000.0,233000.0,5.0,No Formal Education,0,0,1,1,1,0.16,99.0,1
APP_1475,Female,24,SC,299300.0,education,1646000.0,1481000.0,5.0,Secondary (10th),0,12,1,1,1,0.867,74.6,1
APP_1476,Female,43,SC,105800.0,term_loan,2829000.0,2546000.0,5.0,Higher Secondary (12th),1,0,1,1,1,5.583,72.4,1
APP_1477,Female,56,SC,395400.0,term_loan,1647000.0,1482000.0,15.0,Secondary (10th),0,5,1,1,1,0.87,66.5,1
APP_1478,Male,34,SC,253700.0,education,1695000.0,1526000.0,5.0,Graduate,1,1,1,1,1,1.054,55.4,1
APP_1479,Female,30,SC,173100.0,micro_finance,130200.0,123700.0,0.0,Primary (1-8),0,0,1,1,1,0.261,93.0,1
APP_1480,Female,34,SC,256300.0,micro_finance,32800.0,29500.0,10.0,Secondary (10th),0,11,1,1,1,0.042,99.0,1
APP_1481,Female,18,OBC,93000.0,green_energy,1279000.0,1215000.0,5.0,Higher Secondary (12th),0,2,1,1,1,2.29,5.0,0
APP_1482,Female,25,SC,118500.0,green_energy,936000.0,889000.0,5.0,No Formal Education,0,3,1,1,1,1.315,67.3,1
APP_1483,Female,38,SC,582700.0,green_energy,952000.0,857000.0,10.0,Secondary (10th),0,3,1,1,1,0.258,46.6,0
APP_1484,Male,32,SC,544200.0,education,171000.0,154000.0,0.0,Higher Secondary (12th),0,0,1,1,1,0.05,42.5,0
APP_1485,Female,28,SC,187200.0,green_energy,279000.0,251000.0,10.0,Graduate,1,0,1,1,1,0.235,99.0,1
APP_1486,Female,28,SC,224500.0,term_loan,3879000.0,3491000.0,20.0,Secondary (10th),1,4,0,1,1,3.608,38.5,0
APP_1487,Female,34,SC,242000.0,term_loan,317000.0,285000.0,5.0,Graduate,1,19,1,1,1,0.273,99.0,1
APP_1488,Male,37,SC,107700.0,term_loan,2756000.0,2480000.0,15.0,Primary (1-8),1,1,1,1,1,5.342,68.0,1
APP_1489,Female,38,SC,176300.0,term_loan,3578000.0,3220000.0,10.0,Primary (1-8),0,1,1,1,1,4.237,74.4,1
APP_1490,Male,21,OBC,90500.0,term_loan,2815000.0,2534000.0,5.0,Primary (1-8),1,1,1,1,1,6.496,5.0,0
APP_1491,Male,44,SC,213100.0,term_loan,2504000.0,2254000.0,10.0,Secondary (10th),0,4,1,1,1,2.454,58.4,1
APP_1492,Male,28,Safai Karamchari / Dependent,235200.0,term_loan,2984000.0,2686000.0,10.0,Primary (1-8),0,0,1,1,0,2.649,5.0,0
APP_1493,Male,41,SC,297900.0,sanitation,1494000.0,1345000.0,10.0,No Formal Education,0,0,1,1,1,0.791,51.0,1
APP_1494,Male,20,SC,226400.0,green_energy,699000.0,664000.0,5.0,Primary (1-8),1,0,1,1,1,0.514,92.9,1
APP_1495,Female,25,SC,200100.0,education,2443000.0,2199000.0,5.0,Higher Secondary (12th),0,2,1,1,1,1.926,67.8,1
APP_1496,Male,44,SC,152400.0,green_energy,1083000.0,921000.0,15.0,No Formal Education,0,0,1,1,1,1.059,54.2,1
APP_1497,Male,23,SC,594300.0,term_loan,361000.0,325000.0,15.0,Graduate,1,1,1,1,1,0.127,46.8,0
APP_1498,Male,32,Safai Karamchari / Dependent,245700.0,term_loan,683000.0,615000.0,15.0,Primary (1-8),1,1,1,1,1,0.581,99.0,1
APP_1499,Male,26,Safai Karamchari / Dependent,275500.0,term_loan,2089000.0,1880000.0,20.0,Primary (1-8),1,5,1,1,1,1.583,63.6,1
APP_1500,Female,27,SC,275900.0,micro_finance,74200.0,70500.0,5.0,Higher Secondary (12th),0,4,1,1,1,0.093,99.0,1
APP_1501,Female,19,SC,290000.0,green_energy,254000.0,241000.0,5.0,Primary (1-8),0,6,1,1,1,0.146,99.0,1
APP_1502,Female,53,OBC,91700.0,micro_finance,61600.0,55400.0,10.0,Higher Secondary (12th),1,3,1,1,1,0.221,52.0,0
APP_1503,Male,36,SC,215100.0,sanitation,720000.0,648000.0,10.0,Higher Secondary (12th),0,3,1,1,1,0.528,94.0,1
APP_1504,Female,34,SC,293000.0,education,1943000.0,1749000.0,0.0,Primary (1-8),1,0,0,1,1,1.046,26.2,0
APP_1505,Female,34,OBC,226300.0,sanitation,1366000.0,1339000.0,2.0,Primary (1-8),1,3,0,1,1,1.037,5.0,0
APP_1506,Female,30,SC,136100.0,education,912000.0,821000.0,5.0,Secondary (10th),0,0,1,1,1,1.057,63.9,1
APP_1507,Male,26,OBC,362400.0,green_energy,1460000.0,1241000.0,15.0,Post Graduate / Professional,1,1,1,1,1,0.6,38.5,0
APP_1508,Male,44,Safai Karamchari / Dependent,281400.0,sanitation,744000.0,729000.0,2.0,Higher Secondary (12th),0,3,1,1,1,0.454,89.7,1
APP_1509,Male,29,SC,138300.0,green_energy,971000.0,922000.0,5.0,Secondary (10th),1,0,0,1,1,1.169,24.8,0
APP_1510,Male,44,SC,690300.0,sanitation,849000.0,807000.0,5.0,Secondary (10th),0,1,0,1,1,0.205,8.6,0
APP_1511,Male,39,SC,62900.0,term_loan,1478000.0,1330000.0,15.0,Post Graduate / Professional,1,1,1,1,1,4.905,68.6,1
APP_1512,Male,31,SC,292900.0,green_energy,722000.0,650000.0,10.0,Primary (1-8),0,3,1,1,1,0.389,98.7,1
APP_1513,Other,39,SC,602400.0,sanitation,268000.0,255000.0,5.0,Higher Secondary (12th),1,2,1,1,1,0.074,58.1,0
APP_1514,Female,28,Safai Karamchari / Dependent,177700.0,term_loan,3318000.0,2986000.0,15.0,Graduate,1,13,1,1,1,3.898,87.6,1
APP_1515,Female,47,SC,212800.0,micro_finance,34900.0,33200.0,5.0,Secondary (10th),0,4,1,1,1,0.057,99.0,1
APP_1516,Male,38,OBC,146800.0,education,1243000.0,1119000.0,5.0,Graduate,1,0,1,1,1,1.336,7.4,0
APP_1517,Male,39,SC,199600.0,sanitation,378000.0,359000.0,5.0,Graduate,1,0,1,1,1,0.315,99.0,1
APP_1518,Female,24,SC,78400.0,education,549000.0,494000.0,10.0,Primary (1-8),1,2,1,1,1,1.105,65.2,1
APP_1519,Female,39,SC,188300.0,education,931000.0,838000.0,0.0,No Formal Education,0,0,1,1,1,0.78,58.7,1
APP_1520,Female,32,SC,105200.0,term_loan,3604000.0,3244000.0,5.0,Secondary (10th),0,7,1,1,1,7.154,66.6,1
APP_1521,Female,21,SC,273500.0,education,1526000.0,1373000.0,5.0,Primary (1-8),1,5,1,1,1,0.88,79.6,1
APP_1522,Male,32,SC,295500.0,term_loan,1785000.0,1606000.0,5.0,No Formal Education,0,4,1,1,1,1.261,61.4,1
APP_1523,Male,44,SC,317300.0,sanitation,673000.0,660000.0,2.0,Higher Secondary (12th),0,4,0,1,1,0.365,5.0,0
APP_1524,Male,39,SC,239100.0,term_loan,1218000.0,1096000.0,15.0,Secondary (10th),0,0,1,1,1,1.063,60.9,1
APP_1525,Female,36,SC,112100.0,micro_finance,43000.0,40800.0,5.0,Primary (1-8),0,9,1,1,1,0.133,99.0,1
APP_1526,Male,37,SC,104400.0,sanitation,1380000.0,1352000.0,2.0,Primary (1-8),1,5,1,1,1,2.27,58.7,1
APP_1527,Male,34,SC,184700.0,micro_finance,79500.0,71600.0,5.0,Higher Secondary (12th),0,6,1,1,1,0.142,92.5,1
APP_1528,Female,36,Safai Karamchari / Dependent,261900.0,education,627000.0,564000.0,5.0,Primary (1-8),0,3,1,1,1,0.378,99.0,1
APP_1529,Male,18,SC,221800.0,green_energy,1057000.0,951000.0,10.0,Secondary (10th),0,2,1,1,1,0.752,60.4,1
APP_1530,Male,40,Safai Karamchari / Dependent,367500.0,sanitation,791000.0,775000.0,2.0,Secondary (10th),0,3,0,1,1,0.37,14.9,0
APP_1531,Female,28,Safai Karamchari / Dependent,125500.0,green_energy,1216000.0,1034000.0,15.0,Graduate,1,2,1,1,0,1.444,30.4,0
APP_1532,Female,32,Safai Karamchari / Dependent,120200.0,sanitation,1045000.0,940000.0,10.0,Graduate,1,5,1,1,1,1.371,78.7,1
APP_1533,Male,36,SC,96700.0,micro_finance,94600.0,85100.0,0.0,Higher Secondary (12th),0,4,1,1,1,0.321,88.0,1
APP_1534,Male,23,SC,142500.0,education,2160000.0,1944000.0,10.0,No Formal Education,0,1,0,1,1,2.391,22.2,0
APP_1535,Female,36,SC,67900.0,green_energy,901000.0,811000.0,10.0,Graduate,1,0,1,1,1,2.094,77.3,1
APP_1536,Male,26,SC,189500.0,micro_finance,76400.0,68800.0,2.0,Secondary (10th),1,11,1,1,1,0.133,99.0,1
APP_1537,Female,20,SC,260900.0,education,924000.0,832000.0,10.0,Secondary (10th),0,0,1,1,1,0.559,87.5,1
APP_1538,Female,40,SC,116300.0,education,835000.0,752000.0,0.0,Graduate,1,19,1,1,1,1.134,68.1,1
APP_1539,Female,26,SC,183500.0,education,1099000.0,989000.0,0.0,Higher Secondary (12th),0,4,0,1,1,0.945,17.5,0
APP_1540,Female,36,SC,109400.0,sanitation,1044000.0,940000.0,10.0,Secondary (10th),0,1,1,1,1,1.506,67.7,1
APP_1541,Male,49,SC,71400.0,micro_finance,139500.0,125000.0,10.0,Graduate,1,0,0,1,1,0.639,23.2,0
APP_1542,Female,20,SC,174100.0,sanitation,499000.0,489000.0,2.0,Higher Secondary (12th),1,5,1,1,1,0.492,99.0,1
APP_1543,Female,35,SC,221200.0,term_loan,2258000.0,2032000.0,5.0,Higher Secondary (12th),0,2,1,1,1,2.131,63.8,1
APP_1544,Female,28,SC,264700.0,green_energy,1374000.0,1168000.0,15.0,Higher Secondary (12th),1,3,1,1,1,0.774,75.9,1
APP_1545,Male,50,SC,664500.0,education,1614000.0,1453000.0,5.0,Primary (1-8),1,3,1,1,1,0.383,61.4,0
APP_1546,Female,43,SC,258500.0,term_loan,1937000.0,1743000.0,20.0,Secondary (10th),0,1,1,1,1,1.564,66.0,1
APP_1547,Male,33,SC,685500.0,education,1256000.0,1130000.0,0.0,No Formal Education,0,0,1,1,1,0.289,41.6,0
APP_1548,Male,32,SC,458800.0,green_energy,1284000.0,1220000.0,5.0,Primary (1-8),0,5,1,1,1,0.466,87.7,1
APP_1549,Male,42,OBC,272300.0,sanitation,552000.0,541000.0,2.0,Higher Secondary (12th),1,2,1,1,1,0.348,45.4,0
APP_1550,Male,23,SC,111400.0,term_loan,1207000.0,1086000.0,20.0,Primary (1-8),0,1,1,1,0,2.262,5.0,0
APP_1551,Male,26,SC,126700.0,education,1978000.0,1780000.0,0.0,Secondary (10th),0,0,1,1,0,2.463,5.0,0
APP_1552,Female,47,Safai Karamchari / Dependent,73100.0,sanitation,1843000.0,1659000.0,10.0,Primary (1-8),0,20,1,1,1,3.978,79.2,1
APP_1553,Male,35,SC,61900.0,micro_finance,135300.0,121800.0,5.0,Secondary (10th),0,1,1,1,1,0.718,57.9,1
APP_1554,Male,44,SC,606700.0,term_loan,1714000.0,1543000.0,5.0,Primary (1-8),1,0,1,1,1,0.59,39.9,0
APP_1555,Male,44,ST,257900.0,education,1770000.0,1593000.0,10.0,No Formal Education,0,1,1,1,1,1.083,5.0,0
APP_1556,Male,50,SC,166400.0,micro_finance,96900.0,87200.0,0.0,Secondary (10th),0,0,1,1,1,0.191,97.7,1
APP_1557,Male,21,Safai Karamchari / Dependent,91200.0,sanitation,1229000.0,1168000.0,5.0,Higher Secondary (12th),1,0,1,1,1,2.245,64.1,1
APP_1558,Male,35,Safai Karamchari / Dependent,159500.0,sanitation,446000.0,424000.0,5.0,Graduate,1,1,1,1,1,0.466,91.2,1
APP_1559,Male,43,ST,379300.0,sanitation,1432000.0,1403000.0,2.0,No Formal Education,0,6,1,1,0,0.648,5.0,0
APP_1560,Male,38,SC,164400.0,term_loan,3692000.0,3323000.0,20.0,Graduate,1,2,1,1,0,4.689,9.3,0
APP_1561,Female,23,SC,265500.0,education,1532000.0,1379000.0,5.0,Higher Secondary (12th),1,0,1,1,1,0.911,69.7,1
APP_1562,Female,33,SC,199900.0,education,1646000.0,1481000.0,0.0,No Formal Education,1,2,1,1,1,1.299,78.9,1
APP_1563,Male,42,Safai Karamchari / Dependent,82900.0,green_energy,229000.0,206000.0,10.0,Graduate,1,0,1,1,1,0.436,99.0,1
APP_1564,Male,25,Safai Karamchari / Dependent,181100.0,sanitation,824000.0,783000.0,5.0,Higher Secondary (12th),1,4,0,1,1,0.758,41.5,0
APP_1565,Male,37,OBC,352800.0,term_loan,1372000.0,1235000.0,20.0,Primary (1-8),1,0,1,1,1,0.812,5.0,0
APP_1566,Male,33,ST,270500.0,education,1563000.0,1407000.0,5.0,Secondary (10th),0,1,1,1,1,0.912,5.0,0
APP_1567,Male,37,ST,165600.0,term_loan,877000.0,789000.0,5.0,Primary (1-8),1,1,1,1,1,1.105,5.0,0
APP_1568,Female,42,SC,176400.0,green_energy,816000.0,694000.0,15.0,Graduate,1,2,1,1,1,0.69,71.0,1
APP_1569,Male,29,Safai Karamchari / Dependent,219200.0,term_loan,968000.0,871000.0,5.0,Secondary (10th),0,0,1,1,1,0.922,62.9,1
APP_1570,Male,18,SC,223400.0,micro_finance,67300.0,60600.0,0.0,Graduate,1,1,1,1,1,0.099,99.0,1
APP_1571,Male,36,SC,139100.0,green_energy,209000.0,178000.0,15.0,Post Graduate / Professional,1,2,1,1,0,0.224,52.4,1
APP_1572,Female,19,ST,127900.0,sanitation,1616000.0,1454000.0,10.0,No Formal Education,0,4,1,1,1,1.993,5.4,0
APP_1573,Female,24,ST,247100.0,green_energy,535000.0,455000.0,15.0,Primary (1-8),1,2,1,1,1,0.323,57.8,0
APP_1574,Female,38,SC,183000.0,sanitation,1030000.0,978000.0,5.0,Secondary (10th),0,3,1,1,1,0.937,67.8,1
APP_1575,Female,26,SC,183200.0,sanitation,1949000.0,1754000.0,10.0,Primary (1-8),0,0,1,1,1,1.678,61.4,1
APP_1576,Female,27,SC,252400.0,sanitation,671000.0,658000.0,2.0,Higher Secondary (12th),1,6,1,1,1,0.457,95.9,1
APP_1577,Female,43,SC,162000.0,sanitation,280000.0,252000.0,10.0,Higher Secondary (12th),0,0,1,1,1,0.273,99.0,1
APP_1578,Female,37,SC,103700.0,micro_finance,67200.0,63800.0,0.0,Secondary (10th),0,0,1,1,1,0.225,99.0,1
APP_1579,Male,37,SC,648500.0,green_energy,403000.0,383000.0,5.0,No Formal Education,0,0,1,1,1,0.104,49.1,0
APP_1580,Female,24,SC,174500.0,micro_finance,103000.0,92700.0,10.0,Secondary (10th),0,0,1,1,0,0.194,33.4,0
APP_1581,Male,29,SC,105800.0,green_energy,1252000.0,1064000.0,15.0,Post Graduate / Professional,1,1,1,1,1,1.763,72.1,1
APP_1582,Male,39,ST,80700.0,green_energy,1189000.0,1130000.0,5.0,Secondary (10th),1,0,1,1,1,2.455,12.3,0
APP_1583,Female,46,ST,108300.0,green_energy,919000.0,827000.0,10.0,No Formal Education,1,2,1,1,0,1.339,5.0,0
APP_1584,Male,28,SC,129800.0,green_energy,808000.0,727000.0,10.0,Secondary (10th),0,0,0,1,1,0.982,16.0,0
APP_1585,Male,44,SC,135800.0,term_loan,395000.0,356000.0,20.0,Graduate,1,2,1,1,1,0.608,63.2,1
APP_1586,Female,36,SC,142500.0,green_energy,463000.0,440000.0,5.0,Secondary (10th),0,7,0,1,1,0.541,61.7,1
APP_1587,Female,30,SC,290400.0,green_energy,1275000.0,1084000.0,15.0,Higher Secondary (12th),1,2,1,1,1,0.654,77.6,1
APP_1588,Male,41,SC,205400.0,micro_finance,32100.0,28900.0,10.0,Graduate,1,2,1,1,0,0.051,51.6,1
APP_1589,Male,25,SC,258700.0,education,2245000.0,2020000.0,0.0,Graduate,1,3,1,1,1,1.369,62.0,1
APP_1590,Female,30,SC,71200.0,green_energy,1335000.0,1202000.0,10.0,Graduate,1,5,1,1,1,2.959,80.7,1
APP_1591,Male,18,SC,262000.0,micro_finance,33300.0,30000.0,0.0,Higher Secondary (12th),0,5,1,1,1,0.042,96.0,1
APP_1592,Female,50,SC,664400.0,sanitation,398000.0,378000.0,5.0,Higher Secondary (12th),0,5,1,1,1,0.1,58.4,0
APP_1593,Female,40,SC,165400.0,education,1086000.0,977000.0,0.0,Primary (1-8),0,2,1,1,1,1.035,62.0,1
APP_1594,Male,38,SC,118900.0,education,1903000.0,1713000.0,10.0,Secondary (10th),1,5,1,1,1,2.526,62.8,1
APP_1595,Male,41,SC,286500.0,green_energy,747000.0,710000.0,5.0,Higher Secondary (12th),0,8,1,1,1,0.434,87.9,1
APP_1596,Female,30,SC,281400.0,term_loan,731000.0,658000.0,5.0,Post Graduate / Professional,1,0,1,1,0,0.542,43.0,0
APP_1597,Female,36,SC,133000.0,green_energy,1153000.0,1038000.0,10.0,No Formal Education,1,0,1,1,1,1.368,73.8,1
APP_1598,Male,52,ST,208400.0,green_energy,747000.0,672000.0,10.0,Graduate,1,0,1,1,1,0.565,26.7,0
APP_1599,Male,35,SC,271200.0,micro_finance,82500.0,74200.0,5.0,Primary (1-8),0,2,1,1,1,0.1,99.0,1
APP_1600,Female,33,Safai Karamchari / Dependent,117900.0,micro_finance,112900.0,101600.0,10.0,Post Graduate / Professional,1,14,1,1,1,0.315,99.0,1
APP_1601,Female,44,Safai Karamchari / Dependent,479500.0,education,1465000.0,1318000.0,0.0,Secondary (10th),0,0,1,1,1,0.482,48.2,0
APP_1602,Male,32,SC,220100.0,sanitation,1649000.0,1484000.0,10.0,Higher Secondary (12th),0,0,1,1,1,1.182,59.9,1
APP_1603,Female,34,Safai Karamchari / Dependent,95200.0,sanitation,909000.0,864000.0,5.0,No Formal Education,1,2,0,1,1,1.591,46.7,1
APP_1604,Male,39,SC,246900.0,education,2190000.0,1971000.0,10.0,Secondary (10th),0,0,1,1,1,1.399,56.6,1
APP_1605,Male,26,SC,230700.0,green_energy,325000.0,276000.0,15.0,Secondary (10th),0,6,1,1,1,0.21,99.0,1
APP_1606,Male,35,SC,540600.0,term_loan,1723000.0,1551000.0,5.0,Secondary (10th),1,4,1,1,1,0.666,18.6,0
APP_1607,Female,31,SC,94100.0,education,1507000.0,1356000.0,0.0,Graduate,1,6,1,1,1,2.526,60.2,1
APP_1608,Female,18,SC,467000.0,micro_finance,88800.0,79900.0,10.0,Graduate,1,2,1,1,1,0.062,57.0,0
APP_1609,Male,29,SC,167800.0,term_loan,3485000.0,3136000.0,15.0,No Formal Education,0,0,1,1,1,4.336,60.0,1
APP_1610,Male,41,OBC,594400.0,education,1643000.0,1479000.0,0.0,Higher Secondary (12th),0,0,1,1,1,0.436,5.0,0
APP_1611,Male,28,SC,516700.0,micro_finance,110900.0,99800.0,2.0,Higher Secondary (12th),0,1,1,1,1,0.071,32.9,0
APP_1612,Female,48,SC,261300.0,micro_finance,89500.0,85000.0,0.0,Graduate,1,3,1,1,1,0.119,99.0,1
APP_1613,Female,20,SC,186700.0,micro_finance,65800.0,62500.0,0.0,Primary (1-8),1,6,1,1,1,0.122,99.0,1
APP_1614,Female,37,OBC,74100.0,micro_finance,135300.0,125000.0,2.0,No Formal Education,1,3,1,1,1,0.616,9.9,0
APP_1615,Female,37,OBC,320800.0,education,660000.0,594000.0,10.0,Secondary (10th),0,1,1,1,1,0.325,5.0,0
APP_1616,Female,29,SC,66900.0,micro_finance,96000.0,91200.0,0.0,Primary (1-8),0,0,1,1,1,0.498,89.0,1
APP_1617,Female,30,SC,212600.0,term_loan,933000.0,840000.0,10.0,Secondary (10th),0,6,1,1,1,0.917,70.6,1
APP_1618,Female,41,SC,259000.0,sanitation,650000.0,637000.0,2.0,No Formal Education,0,4,1,1,1,0.431,86.3,1
APP_1619,Other,18,Safai Karamchari / Dependent,261800.0,green_energy,530000.0,504000.0,5.0,Higher Secondary (12th),0,0,1,1,1,0.337,99.0,1
APP_1620,Male,38,General,384300.0,term_loan,2094000.0,1885000.0,15.0,Graduate,1,7,1,0,1,1.138,7.9,0
APP_1621,Female,40,General,170400.0,education,1531000.0,1378000.0,0.0,Graduate,1,3,0,1,1,1.418,5.0,0
APP_1622,Male,37,SC,581300.0,micro_finance,111500.0,100400.0,0.0,Higher Secondary (12th),0,3,1,1,1,0.063,38.8,0
APP_1623,Male,25,SC,258600.0,green_energy,633000.0,601000.0,5.0,Graduate,1,2,0,1,1,0.407,62.8,1
APP_1624,Female,43,SC,127500.0,term_loan,3697000.0,3327000.0,15.0,Primary (1-8),0,2,1,1,1,6.054,67.4,1
APP_1625,Male,36,SC,229000.0,green_energy,968000.0,920000.0,5.0,Primary (1-8),0,0,1,1,1,0.704,54.7,1
APP_1626,Female,29,SC,221300.0,green_energy,964000.0,916000.0,5.0,No Formal Education,1,4,1,1,1,0.726,74.5,1
APP_1627,Male,32,Safai Karamchari / Dependent,263400.0,term_loan,239000.0,215000.0,15.0,Higher Secondary (12th),0,6,1,1,1,0.189,99.0,1
APP_1628,Male,38,SC,157700.0,micro_finance,34600.0,31100.0,10.0,Secondary (10th),0,4,1,1,1,0.072,98.7,1
APP_1629,Male,41,SC,140300.0,green_energy,1338000.0,1271000.0,5.0,Post Graduate / Professional,1,1,1,1,1,1.588,59.4,1
APP_1630,Female,37,SC,83200.0,term_loan,1998000.0,1798000.0,5.0,Secondary (10th),0,0,1,1,1,5.014,72.2,1
APP_1631,Male,18,Safai Karamchari / Dependent,184700.0,term_loan,1061000.0,955000.0,5.0,Higher Secondary (12th),0,3,1,1,1,1.2,66.5,1
APP_1632,Male,24,ST,273600.0,micro_finance,103200.0,92900.0,2.0,No Formal Education,0,4,1,1,1,0.124,29.7,0
APP_1633,Male,37,SC,151500.0,micro_finance,31500.0,28400.0,10.0,Primary (1-8),0,3,1,1,1,0.068,99.0,1
APP_1634,Male,33,SC,285000.0,green_energy,1207000.0,1086000.0,10.0,Secondary (10th),0,5,1,1,1,0.668,59.2,1
APP_1635,Male,34,SC,213000.0,sanitation,587000.0,558000.0,5.0,Secondary (10th),0,18,1,1,1,0.459,87.7,1
APP_1636,Female,34,SC,601700.0,term_loan,1348000.0,1213000.0,10.0,Primary (1-8),1,0,1,1,1,0.468,50.8,0
APP_1637,Male,37,SC,256600.0,sanitation,1163000.0,1140000.0,2.0,Secondary (10th),1,0,1,1,1,0.779,62.8,1
APP_1638,Female,42,SC,172200.0,education,1756000.0,1580000.0,10.0,Secondary (10th),1,7,1,1,1,1.608,77.5,1
APP_1639,Male,39,ST,226400.0,micro_finance,76000.0,68400.0,2.0,Primary (1-8),0,1,0,1,1,0.11,8.4,0
APP_1640,Female,28,Safai Karamchari / Dependent,62400.0,term_loan,1528000.0,1375000.0,5.0,Primary (1-8),0,5,1,1,1,5.112,66.8,1
APP_1641,Female,41,SC,122900.0,micro_finance,40900.0,38900.0,2.0,Primary (1-8),1,2,1,1,1,0.116,99.0,1
APP_1642,Female,48,Safai Karamchari / Dependent,284700.0,term_loan,1325000.0,1192000.0,10.0,Secondary (10th),1,3,1,1,1,0.971,89.6,1
APP_1643,Male,24,ST,94700.0,sanitation,1856000.0,1819000.0,2.0,Primary (1-8),1,2,1,1,0,3.367,5.0,0
APP_1644,Male,31,Safai Karamchari / Dependent,265100.0,term_loan,1283000.0,1155000.0,10.0,Secondary (10th),1,2,1,1,1,1.011,70.8,1
APP_1645,Male,37,SC,173000.0,sanitation,1361000.0,1334000.0,2.0,Primary (1-8),1,3,0,1,1,1.352,27.7,0
APP_1646,Female,34,SC,226700.0,sanitation,1460000.0,1387000.0,5.0,Secondary (10th),0,3,1,1,1,1.073,76.5,1
APP_1647,Female,33,SC,458400.0,term_loan,1328000.0,1195000.0,20.0,Secondary (10th),0,1,1,1,1,0.605,62.1,1
APP_1648,Female,28,SC,69900.0,micro_finance,81500.0,77400.0,5.0,Secondary (10th),0,0,1,1,1,0.404,92.8,1
APP_1649,Female,32,SC,78200.0,green_energy,1367000.0,1230000.0,10.0,Graduate,1,0,1,1,1,2.757,59.7,1
APP_1650,Female,20,SC,140100.0,micro_finance,101000.0,96000.0,5.0,Secondary (10th),0,0,1,1,1,0.25,99.0,1
APP_1651,Other,32,Safai Karamchari / Dependent,279000.0,term_loan,183000.0,165000.0,15.0,Primary (1-8),1,0,0,1,1,0.137,75.0,1
APP_1652,Female,31,SC,95800.0,micro_finance,67700.0,64300.0,2.0,Higher Secondary (12th),1,5,1,1,1,0.245,99.0,1
APP_1653,Male,38,SC,135100.0,green_energy,404000.0,343000.0,15.0,Secondary (10th),0,1,1,1,1,0.445,98.7,1
APP_1654,Female,32,Safai Karamchari / Dependent,218100.0,term_loan,1515000.0,1364000.0,10.0,Secondary (10th),0,0,1,1,1,1.451,74.4,1
APP_1655,Male,26,SC,93400.0,education,2445000.0,2200000.0,5.0,Secondary (10th),0,1,0,1,1,4.129,21.3,0
APP_1656,Female,43,SC,105200.0,green_energy,297000.0,252000.0,15.0,Post Graduate / Professional,1,2,1,1,1,0.42,99.0,1
APP_1657,Female,30,SC,104800.0,term_loan,418000.0,376000.0,20.0,Primary (1-8),1,1,1,1,1,0.832,66.7,1
APP_1658,Female,18,SC,456400.0,sanitation,1980000.0,1940000.0,2.0,Secondary (10th),0,8,1,1,1,0.745,5.0,0
APP_1659,Male,40,SC,219600.0,term_loan,761000.0,685000.0,15.0,Secondary (10th),0,1,1,1,1,0.724,62.7,1
APP_1660,Female,29,Safai Karamchari / Dependent,119200.0,term_loan,1416000.0,1274000.0,20.0,Secondary (10th),0,1,1,1,1,2.48,71.7,1
APP_1661,Female,35,Safai Karamchari / Dependent,153900.0,green_energy,1262000.0,1199000.0,5.0,Secondary (10th),1,4,1,1,1,1.366,79.9,1
APP_1662,Male,31,SC,70500.0,term_loan,3559000.0,3203000.0,10.0,Primary (1-8),0,2,1,1,1,10.54,55.5,1
APP_1663,Male,26,SC,89100.0,term_loan,1570000.0,1413000.0,5.0,Secondary (10th),0,1,1,1,1,3.679,53.5,1
APP_1664,Female,32,SC,239900.0,micro_finance,65700.0,59100.0,10.0,Graduate,1,0,1,1,1,0.09,99.0,1
APP_1665,Male,38,SC,79800.0,education,1670000.0,1503000.0,10.0,Post Graduate / Professional,1,3,1,1,1,3.302,66.2,1
APP_1666,Male,24,SC,237900.0,micro_finance,40200.0,36200.0,0.0,Higher Secondary (12th),1,3,1,1,1,0.056,99.0,1
APP_1667,Female,35,SC,254800.0,sanitation,1318000.0,1186000.0,10.0,Higher Secondary (12th),1,7,1,1,1,0.816,78.8,1
APP_1668,Male,28,Safai Karamchari / Dependent,449900.0,micro_finance,48600.0,43700.0,0.0,No Formal Education,1,8,1,1,1,0.035,56.8,0
APP_1669,Female,34,ST,259300.0,micro_finance,40100.0,38100.0,2.0,No Formal Education,0,0,1,1,1,0.054,34.3,0
APP_1670,Female,33,SC,348300.0,sanitation,506000.0,481000.0,5.0,Secondary (10th),1,1,1,1,1,0.242,54.0,0
APP_1671,Female,58,Safai Karamchari / Dependent,148600.0,term_loan,409000.0,368000.0,10.0,Secondary (10th),0,0,1,1,1,0.575,98.6,1
APP_1672,Female,35,OBC,295500.0,sanitation,1423000.0,1281000.0,10.0,Graduate,1,1,1,1,1,0.76,5.0,0
APP_1673,Male,41,SC,64200.0,education,2287000.0,2058000.0,5.0,Secondary (10th),0,6,1,1,0,5.62,11.4,0
APP_1674,Female,28,Safai Karamchari / Dependent,116700.0,term_loan,1800000.0,1620000.0,10.0,Higher Secondary (12th),1,3,1,1,1,3.22,91.9,1
APP_1675,Male,25,SC,297300.0,term_loan,1858000.0,1672000.0,15.0,Primary (1-8),1,5,1,1,1,1.305,61.5,1
APP_1676,Male,46,SC,263300.0,green_energy,597000.0,567000.0,5.0,Primary (1-8),1,6,0,0,1,0.378,10.7,0
APP_1677,Male,18,SC,166200.0,term_loan,173000.0,156000.0,20.0,No Formal Education,1,3,1,1,1,0.218,99.0,1
APP_1678,Female,45,SC,109000.0,micro_finance,80900.0,72800.0,10.0,Higher Secondary (12th),1,4,1,1,1,0.244,99.0,1
APP_1679,Female,25,SC,380600.0,term_loan,3470000.0,3123000.0,20.0,No Formal Education,0,0,1,1,1,1.904,70.4,1
APP_1680,Male,24,SC,288900.0,sanitation,1016000.0,965000.0,5.0,Secondary (10th),1,7,0,1,1,0.586,60.9,1
APP_1681,Male,25,SC,168900.0,sanitation,813000.0,732000.0,10.0,Secondary (10th),1,0,1,1,1,0.76,59.8,1
APP_1682,Female,45,SC,177900.0,micro_finance,131100.0,118000.0,10.0,Post Graduate / Professional,1,1,1,1,1,0.242,99.0,1
APP_1683,Male,32,General,283700.0,green_energy,369000.0,332000.0,10.0,Post Graduate / Professional,1,1,1,1,1,0.205,38.4,0
APP_1684,Male,42,SC,594300.0,education,666000.0,599000.0,0.0,Graduate,1,1,1,1,1,0.177,50.1,0
APP_1685,Female,51,SC,121000.0,term_loan,2468000.0,2221000.0,10.0,No Formal Education,0,0,1,1,1,4.258,60.7,1
APP_1686,Male,29,SC,650400.0,sanitation,415000.0,394000.0,5.0,Primary (1-8),1,2,0,1,1,0.106,16.9,0
APP_1687,Male,33,Safai Karamchari / Dependent,647800.0,education,344000.0,310000.0,10.0,Higher Secondary (12th),1,0,1,1,1,0.084,57.0,0
APP_1688,Male,33,SC,178000.0,green_energy,281000.0,239000.0,15.0,Secondary (10th),0,0,1,1,1,0.235,93.1,1
APP_1689,Male,18,SC,287600.0,term_loan,1885000.0,1696000.0,10.0,Primary (1-8),1,8,1,1,1,1.368,65.2,1
APP_1690,Female,40,ST,212700.0,green_energy,258000.0,245000.0,5.0,Secondary (10th),1,3,1,1,1,0.202,53.3,0
APP_1691,Female,20,SC,566100.0,micro_finance,114700.0,109000.0,0.0,No Formal Education,0,1,1,1,0,0.07,35.6,0
APP_1692,Male,23,SC,163100.0,education,977000.0,879000.0,5.0,Post Graduate / Professional,1,2,0,1,1,0.945,32.7,0
APP_1693,Male,48,ST,60700.0,micro_finance,124500.0,112000.0,10.0,Higher Secondary (12th),0,6,1,1,1,0.674,5.0,0
APP_1694,Male,18,Safai Karamchari / Dependent,168500.0,education,1741000.0,1567000.0,5.0,Secondary (10th),0,1,1,1,0,1.63,5.3,0
APP_1695,Female,22,SC,253800.0,education,868000.0,781000.0,5.0,Primary (1-8),0,11,1,1,1,0.539,93.7,1
APP_1696,Other,18,ST,593700.0,green_energy,547000.0,520000.0,5.0,Higher Secondary (12th),0,3,1,1,1,0.154,5.0,0
APP_1697,Female,32,Safai Karamchari / Dependent,221500.0,micro_finance,85800.0,77200.0,10.0,Primary (1-8),0,3,1,1,1,0.127,99.0,1
APP_1698,Female,18,OBC,85300.0,term_loan,3974000.0,3577000.0,5.0,Primary (1-8),0,17,0,1,1,9.729,5.0,0
APP_1699,Male,36,OBC,219700.0,education,2313000.0,2082000.0,10.0,Higher Secondary (12th),1,2,1,0,1,1.661,11.5,0
APP_1700,Female,22,SC,597200.0,sanitation,1478000.0,1330000.0,10.0,Higher Secondary (12th),0,1,1,1,1,0.39,50.5,0
APP_1701,Female,33,SC,202100.0,micro_finance,42600.0,40500.0,0.0,Secondary (10th),1,2,1,1,1,0.073,99.0,1
APP_1702,Female,36,SC,295200.0,education,854000.0,769000.0,5.0,Higher Secondary (12th),0,2,1,1,1,0.457,99.0,1
APP_1703,Female,30,SC,94700.0,micro_finance,133100.0,125000.0,2.0,Secondary (10th),0,5,1,1,1,0.482,94.4,1
APP_1704,Male,39,SC,349400.0,micro_finance,139600.0,125000.0,10.0,Higher Secondary (12th),1,10,1,1,1,0.131,50.2,0
APP_1705,Male,32,SC,254500.0,term_loan,2847000.0,2562000.0,5.0,Graduate,1,13,1,1,1,2.335,61.1,1
APP_1706,Other,44,SC,222700.0,term_loan,3963000.0,3567000.0,20.0,Secondary (10th),0,3,1,1,1,3.716,59.7,1
APP_1707,Female,20,SC,199300.0,sanitation,1630000.0,1467000.0,10.0,Secondary (10th),0,0,1,1,1,1.29,58.8,1
APP_1708,Female,28,Safai Karamchari / Dependent,216300.0,term_loan,1545000.0,1390000.0,5.0,Higher Secondary (12th),0,2,1,1,1,1.491,82.9,1
APP_1709,Male,58,SC,371900.0,term_loan,352000.0,317000.0,15.0,Secondary (10th),0,7,1,1,1,0.198,98.7,1
APP_1710,Female,33,SC,101400.0,term_loan,3019000.0,2717000.0,5.0,Higher Secondary (12th),0,6,1,1,1,6.216,69.4,1
APP_1711,Female,37,SC,213900.0,education,2279000.0,2051000.0,0.0,No Formal Education,0,10,1,1,1,1.681,70.5,1
APP_1712,Female,32,SC,164100.0,sanitation,1186000.0,1162000.0,2.0,Secondary (10th),0,6,1,1,1,1.241,62.2,1
APP_1713,Female,44,Safai Karamchari / Dependent,187200.0,micro_finance,27700.0,26300.0,0.0,Higher Secondary (12th),1,7,1,1,1,0.051,99.0,1
APP_1714,Female,39,SC,69400.0,term_loan,2364000.0,2128000.0,10.0,No Formal Education,1,3,1,1,1,7.114,60.3,1
APP_1715,Female,51,SC,286900.0,education,80000.0,72000.0,5.0,No Formal Education,0,4,0,1,1,0.044,71.8,1
APP_1716,Male,27,SC,296600.0,term_loan,1506000.0,1355000.0,10.0,Higher Secondary (12th),0,1,1,1,1,1.06,57.0,1
APP_1717,Male,44,SC,146200.0,term_loan,645000.0,580000.0,20.0,No Formal Education,1,1,1,1,1,0.92,59.3,1
APP_1718,Male,42,SC,357300.0,micro_finance,44500.0,40000.0,5.0,Post Graduate / Professional,1,1,1,1,1,0.041,49.6,0
APP_1719,Male,38,SC,298200.0,sanitation,924000.0,906000.0,2.0,Post Graduate / Professional,1,0,1,1,1,0.533,90.6,1
APP_1720,Female,41,SC,140000.0,green_energy,519000.0,493000.0,5.0,Primary (1-8),1,3,0,1,0,0.617,5.0,0
APP_1721,Female,39,Safai Karamchari / Dependent,257100.0,micro_finance,78800.0,74900.0,5.0,Higher Secondary (12th),0,3,1,1,1,0.106,99.0,1
APP_1722,Female,33,Safai Karamchari / Dependent,253500.0,term_loan,2760000.0,2484000.0,20.0,Secondary (10th),1,0,1,1,1,2.273,73.6,1
APP_1723,Female,19,SC,280400.0,term_loan,2611000.0,2350000.0,15.0,Higher Secondary (12th),1,0,1,1,1,1.944,61.8,1
APP_1724,Male,26,SC,162700.0,education,2359000.0,2123000.0,0.0,Secondary (10th),0,5,0,1,1,2.287,18.5,0
APP_1725,Male,34,SC,82500.0,micro_finance,89000.0,80100.0,0.0,Higher Secondary (12th),0,1,1,1,0,0.354,38.0,0
APP_1726,Male,34,OBC,179500.0,green_energy,1075000.0,914000.0,15.0,Graduate,1,5,1,1,1,0.893,5.0,0
APP_1727,Male,32,Safai Karamchari / Dependent,118600.0,micro_finance,108700.0,97800.0,0.0,Higher Secondary (12th),0,0,1,1,1,0.301,98.4,1
APP_1728,Female,19,SC,144800.0,term_loan,346000.0,311000.0,20.0,Secondary (10th),1,0,1,1,1,0.498,96.2,1
APP_1729,Male,41,ST,175900.0,sanitation,603000.0,591000.0,2.0,Higher Secondary (12th),0,9,1,1,1,0.589,21.9,0
APP_1730,Male,41,SC,208300.0,sanitation,1028000.0,977000.0,5.0,No Formal Education,0,1,1,1,1,0.822,54.0,1
APP_1731,Female,20,SC,107400.0,term_loan,2187000.0,1968000.0,10.0,Secondary (10th),0,3,1,1,1,4.251,67.3,1
APP_1732,Female,34,SC,103700.0,green_energy,1246000.0,1184000.0,5.0,Post Graduate / Professional,1,1,1,1,1,2.002,71.4,1
APP_1733,Female,26,ST,105500.0,micro_finance,24800.0,22300.0,10.0,Secondary (10th),1,7,1,1,0,0.077,5.0,0
APP_1734,Female,18,SC,223600.0,education,388000.0,349000.0,5.0,Secondary (10th),0,3,1,1,1,0.274,99.0,1
APP_1735,Male,28,SC,63300.0,micro_finance,102100.0,91900.0,0.0,Higher Secondary (12th),1,4,0,1,1,0.53,57.9,1
APP_1736,Female,41,SC,208200.0,education,1845000.0,1660000.0,0.0,Primary (1-8),0,6,1,1,1,1.398,58.1,1
APP_1737,Female,36,Safai Karamchari / Dependent,235300.0,term_loan,2503000.0,2253000.0,10.0,Post Graduate / Professional,1,2,1,1,1,2.221,89.8,1
APP_1738,Female,37,SC,64200.0,micro_finance,44000.0,41800.0,0.0,Secondary (10th),0,1,1,1,1,0.238,95.5,1
APP_1739,Male,18,SC,124600.0,micro_finance,53700.0,48300.0,5.0,Higher Secondary (12th),1,0,0,1,1,0.142,66.9,1
APP_1740,Female,29,SC,340300.0,education,527000.0,474000.0,5.0,Secondary (10th),1,4,1,1,1,0.244,60.8,0
APP_1741,Female,28,Safai Karamchari / Dependent,246900.0,term_loan,2186000.0,1967000.0,15.0,Primary (1-8),1,1,1,1,1,1.848,78.1,1
APP_1742,Female,31,SC,561700.0,sanitation,462000.0,416000.0,10.0,Secondary (10th),1,6,0,1,1,0.13,25.8,0
APP_1743,Other,26,SC,70500.0,green_energy,409000.0,348000.0,15.0,Higher Secondary (12th),0,0,1,1,1,0.865,60.6,1
APP_1744,Male,21,SC,278600.0,education,244000.0,220000.0,5.0,Secondary (10th),0,6,1,1,1,0.138,95.9,1
APP_1745,Female,43,OBC,293400.0,term_loan,882000.0,794000.0,20.0,Secondary (10th),0,7,1,1,1,0.628,5.0,0
APP_1746,Female,41,Safai Karamchari / Dependent,125200.0,sanitation,450000.0,441000.0,2.0,Secondary (10th),0,1,1,1,1,0.617,65.3,1
APP_1747,Male,33,SC,112900.0,sanitation,1446000.0,1301000.0,10.0,Primary (1-8),1,1,1,1,1,2.02,71.9,1
APP_1748,Male,46,SC,214200.0,education,683000.0,615000.0,0.0,Secondary (10th),1,0,1,1,1,0.503,91.6,1
APP_1749,Male,38,ST,92100.0,micro_finance,127800.0,115000.0,5.0,Secondary (10th),1,3,1,0,1,0.456,32.9,0
APP_1750,Female,34,OBC,294900.0,education,1963000.0,1767000.0,10.0,Primary (1-8),0,1,1,1,1,1.05,5.0,0
APP_1751,Male,35,Safai Karamchari / Dependent,124500.0,sanitation,1205000.0,1145000.0,5.0,Primary (1-8),1,3,1,1,1,1.612,73.6,1
APP_1752,Male,32,SC,102300.0,micro_finance,88400.0,79600.0,2.0,Higher Secondary (12th),1,10,1,1,1,0.284,99.0,1
APP_1753,Female,18,SC,169200.0,sanitation,1326000.0,1260000.0,5.0,Primary (1-8),0,2,1,1,1,1.305,68.1,1
APP_1754,Female,29,SC,259300.0,green_energy,1412000.0,1341000.0,5.0,Primary (1-8),1,1,1,1,1,0.907,63.9,1
APP_1755,Male,45,SC,141200.0,micro_finance,104900.0,94400.0,2.0,Primary (1-8),0,6,0,1,1,0.244,58.4,1
APP_1756,Female,39,SC,210600.0,green_energy,316000.0,300000.0,5.0,Primary (1-8),1,2,1,1,1,0.25,99.0,1
APP_1757,Female,31,SC,217300.0,term_loan,1020000.0,918000.0,20.0,Higher Secondary (12th),0,3,0,1,0,0.98,5.0,0
APP_1758,Female,20,OBC,207800.0,term_loan,606000.0,545000.0,5.0,Graduate,1,0,1,1,1,0.608,14.1,0
APP_1759,Female,45,SC,256200.0,green_energy,620000.0,589000.0,5.0,Primary (1-8),0,1,1,1,1,0.403,97.1,1
APP_1760,Male,23,ST,611100.0,micro_finance,37600.0,33800.0,2.0,Secondary (10th),0,4,1,1,1,0.02,5.0,0
APP_1761,Female,35,Safai Karamchari / Dependent,137500.0,sanitation,342000.0,325000.0,5.0,Secondary (10th),0,1,1,1,1,0.414,99.0,1
APP_1762,Male,29,SC,160500.0,term_loan,2064000.0,1858000.0,20.0,Secondary (10th),0,0,1,1,1,2.686,54.2,1
APP_1763,Male,18,Safai Karamchari / Dependent,80900.0,sanitation,787000.0,771000.0,2.0,Post Graduate / Professional,1,6,1,1,1,1.671,70.6,1
APP_1764,Male,31,SC,246900.0,micro_finance,36700.0,33000.0,10.0,Primary (1-8),0,2,0,1,1,0.049,60.0,1
APP_1765,Female,41,SC,581600.0,term_loan,1603000.0,1443000.0,5.0,Higher Secondary (12th),0,3,1,1,1,0.576,31.0,0
APP_1766,Male,33,ST,147700.0,green_energy,257000.0,244000.0,5.0,No Formal Education,0,11,1,1,1,0.29,38.7,0
APP_1767,Male,52,SC,158800.0,term_loan,1449000.0,1304000.0,5.0,Primary (1-8),1,1,0,1,1,1.905,28.1,0
APP_1768,Female,40,SC,287600.0,sanitation,963000.0,867000.0,10.0,Graduate,1,2,1,1,1,0.528,99.0,1
APP_1769,Female,31,SC,288300.0,term_loan,3011000.0,2710000.0,20.0,Higher Secondary (12th),1,1,1,1,1,2.181,71.0,1
APP_1770,Male,34,SC,214100.0,micro_finance,119300.0,107400.0,2.0,No Formal Education,1,1,1,1,1,0.183,99.0,1
APP_1771,Male,42,Safai Karamchari / Dependent,127700.0,education,1391000.0,1252000.0,0.0,Primary (1-8),1,12,0,1,1,1.719,28.2,0
APP_1772,Female,35,SC,70800.0,micro_finance,138400.0,124600.0,10.0,No Formal Education,1,5,0,1,1,0.642,41.2,0
APP_1773,Male,18,SC,153800.0,education,941000.0,847000.0,0.0,Higher Secondary (12th),1,1,1,1,1,0.965,52.3,1
APP_1774,Female,33,Safai Karamchari / Dependent,268500.0,term_loan,294000.0,265000.0,10.0,Primary (1-8),0,4,0,1,1,0.229,72.8,1
APP_1775,Male,27,SC,98700.0,term_loan,3860000.0,3474000.0,15.0,Secondary (10th),1,11,1,1,0,8.166,11.8,0
APP_1776,Male,34,Safai Karamchari / Dependent,110100.0,micro_finance,93200.0,83900.0,0.0,Post Graduate / Professional,1,11,0,1,1,0.278,76.2,1
APP_1777,Male,32,OBC,80900.0,education,308000.0,277000.0,5.0,Primary (1-8),1,0,1,1,1,0.6,28.7,0
APP_1778,Female,30,Safai Karamchari / Dependent,173600.0,micro_finance,50700.0,45600.0,10.0,Higher Secondary (12th),1,3,1,1,1,0.096,99.0,1
APP_1779,Female,37,ST,351600.0,education,967000.0,870000.0,10.0,Post Graduate / Professional,1,0,1,1,1,0.434,5.0,0
APP_1780,Male,38,SC,118800.0,micro_finance,118500.0,106600.0,0.0,Primary (1-8),1,1,1,1,1,0.328,99.0,1
APP_1781,Female,23,SC,171800.0,term_loan,2624000.0,2362000.0,20.0,Primary (1-8),1,1,1,1,1,3.19,74.2,1
APP_1782,Female,31,SC,299100.0,green_energy,806000.0,685000.0,15.0,Higher Secondary (12th),1,2,1,1,0,0.401,52.3,1
APP_1783,Male,36,SC,204300.0,term_loan,1614000.0,1453000.0,15.0,Higher Secondary (12th),0,0,1,1,1,1.65,58.1,1
APP_1784,Female,26,SC,76600.0,green_energy,697000.0,627000.0,10.0,Graduate,1,0,1,1,1,1.435,80.4,1
APP_1785,Male,34,SC,436800.0,term_loan,3050000.0,2745000.0,10.0,Primary (1-8),0,0,1,1,1,1.458,57.9,1
APP_1786,Female,52,SC,62400.0,green_energy,1207000.0,1026000.0,15.0,Primary (1-8),0,0,1,1,1,2.882,63.0,1
APP_1787,Female,41,ST,499800.0,education,846000.0,761000.0,10.0,Secondary (10th),0,2,1,1,1,0.267,5.0,0
APP_1788,Male,18,SC,68800.0,term_loan,3021000.0,2719000.0,10.0,Secondary (10th),0,0,1,1,1,9.168,62.7,1
APP_1789,Male,32,SC,255300.0,term_loan,212000.0,191000.0,15.0,Secondary (10th),0,0,1,1,1,0.174,88.8,1
APP_1790,Female,30,Safai Karamchari / Dependent,293800.0,green_energy,603000.0,573000.0,5.0,Secondary (10th),1,11,1,1,1,0.342,99.0,1
APP_1791,Male,34,SC,128000.0,education,1581000.0,1423000.0,0.0,Post Graduate / Professional,1,1,1,1,1,1.949,58.7,1
APP_1792,Female,52,Safai Karamchari / Dependent,190700.0,green_energy,1005000.0,854000.0,15.0,Secondary (10th),1,0,1,1,1,0.785,71.2,1
APP_1793,Male,35,SC,680200.0,green_energy,623000.0,561000.0,10.0,Secondary (10th),0,0,1,1,1,0.145,40.2,0
APP_1794,Male,37,SC,218100.0,education,824000.0,742000.0,5.0,Higher Secondary (12th),1,4,0,1,1,0.596,62.1,1
APP_1795,Male,33,SC,136200.0,education,492000.0,443000.0,10.0,Post Graduate / Professional,1,4,0,1,1,0.57,55.8,1
APP_1796,Male,40,SC,212700.0,micro_finance,137300.0,123600.0,2.0,Secondary (10th),1,3,1,1,1,0.212,95.5,1
APP_1797,Male,36,SC,262300.0,term_loan,2565000.0,2308000.0,15.0,Graduate,1,5,1,1,1,2.041,61.0,1
APP_1798,Male,31,SC,229800.0,micro_finance,130500.0,117400.0,0.0,Secondary (10th),1,0,1,1,1,0.187,97.0,1
APP_1799,Female,39,ST,188500.0,term_loan,1094000.0,985000.0,20.0,Higher Secondary (12th),0,0,1,0,1,1.212,5.0,0
APP_1800,Male,22,SC,349100.0,sanitation,369000.0,351000.0,5.0,Graduate,1,1,1,1,1,0.176,50.0,0
APP_1801,Female,38,Safai Karamchari / Dependent,176800.0,green_energy,995000.0,945000.0,5.0,Higher Secondary (12th),1,0,1,1,1,0.937,81.6,1
APP_1802,Female,30,ST,211500.0,term_loan,3441000.0,3097000.0,5.0,Post Graduate / Professional,1,2,1,1,1,3.397,14.7,0
APP_1803,Male,26,SC,205500.0,term_loan,2213000.0,1992000.0,10.0,Primary (1-8),1,1,0,1,1,2.249,28.7,0
APP_1804,Male,40,OBC,175600.0,micro_finance,134400.0,121000.0,5.0,Higher Secondary (12th),0,17,1,0,1,0.252,39.1,0
APP_1805,Male,21,SC,263000.0,green_energy,1118000.0,1006000.0,10.0,Primary (1-8),0,4,1,1,1,0.671,52.0,1
APP_1806,Female,18,SC,125200.0,green_energy,580000.0,551000.0,5.0,Higher Secondary (12th),0,5,1,1,1,0.771,73.0,1
APP_1807,Female,37,ST,401200.0,micro_finance,69200.0,65700.0,5.0,Secondary (10th),1,1,1,1,1,0.06,5.0,0
APP_1808,Female,23,SC,247100.0,term_loan,621000.0,559000.0,15.0,Higher Secondary (12th),0,0,1,1,1,0.525,96.7,1
APP_1809,Male,20,SC,186500.0,term_loan,546000.0,491000.0,15.0,Higher Secondary (12th),0,0,1,1,1,0.611,55.2,1
APP_1810,Male,30,SC,107600.0,green_energy,217000.0,195000.0,10.0,Secondary (10th),0,10,1,1,1,0.318,99.0,1
APP_1811,Male,20,SC,64300.0,education,1976000.0,1778000.0,10.0,Post Graduate / Professional,1,3,1,1,1,4.847,76.9,1
APP_1812,Male,48,SC,76700.0,sanitation,281000.0,267000.0,5.0,Higher Secondary (12th),1,1,1,1,1,0.61,62.5,1
APP_1813,Male,41,SC,296200.0,education,1274000.0,1147000.0,10.0,Post Graduate / Professional,1,10,1,1,1,0.679,65.5,1
APP_1814,Male,32,SC,644600.0,micro_finance,106900.0,96200.0,2.0,Primary (1-8),1,5,0,1,1,0.054,16.6,0
APP_1815,Male,30,ST,248400.0,micro_finance,33300.0,30000.0,5.0,No Formal Education,1,0,1,0,1,0.044,24.6,0
APP_1816,Male,22,SC,136600.0,term_loan,720000.0,648000.0,20.0,Higher Secondary (12th),0,1,1,1,1,1.101,56.8,1
APP_1817,Male,30,SC,114200.0,green_energy,506000.0,455000.0,10.0,Higher Secondary (12th),1,0,1,1,1,0.698,64.2,1
APP_1818,Male,18,SC,111000.0,term_loan,2731000.0,2458000.0,20.0,Graduate,1,5,1,1,1,5.137,68.0,1
APP_1819,Male,29,SC,583400.0,sanitation,1345000.0,1210000.0,10.0,Primary (1-8),1,4,0,1,1,0.364,21.8,0
APP_1820,Male,40,Safai Karamchari / Dependent,126700.0,sanitation,412000.0,391000.0,5.0,Post Graduate / Professional,1,0,1,1,1,0.541,99.0,1
APP_1821,Female,34,ST,66900.0,micro_finance,99400.0,89500.0,10.0,Secondary (10th),1,1,1,1,1,0.488,45.3,0
APP_1822,Male,29,SC,125400.0,green_energy,282000.0,240000.0,15.0,Secondary (10th),0,0,1,1,1,0.336,94.6,1
APP_1823,Male,40,SC,223500.0,education,1644000.0,1480000.0,0.0,Primary (1-8),1,0,1,1,1,1.161,44.2,0
APP_1824,Female,24,ST,157100.0,micro_finance,67100.0,63700.0,2.0,Higher Secondary (12th),0,0,1,1,1,0.148,32.6,0
APP_1825,Male,44,Safai Karamchari / Dependent,60700.0,education,528000.0,475000.0,10.0,Higher Secondary (12th),0,6,1,1,1,1.372,72.1,1
APP_1826,Female,18,SC,290900.0,micro_finance,99900.0,89900.0,10.0,Secondary (10th),1,1,1,1,1,0.113,99.0,1
APP_1827,Male,41,OBC,177200.0,micro_finance,49700.0,44700.0,0.0,No Formal Education,1,0,1,1,1,0.092,39.9,0
APP_1828,Female,41,SC,133100.0,sanitation,1499000.0,1424000.0,5.0,Secondary (10th),1,5,1,1,1,1.876,73.7,1
APP_1829,Female,47,SC,273900.0,green_energy,1196000.0,1017000.0,15.0,Secondary (10th),1,3,1,1,1,0.651,66.4,1
APP_1830,Male,34,SC,179500.0,green_energy,480000.0,408000.0,15.0,Higher Secondary (12th),0,4,1,1,1,0.398,96.0,1
APP_1831,Male,38,OBC,571500.0,green_energy,1364000.0,1228000.0,10.0,Post Graduate / Professional,1,3,1,0,1,0.377,5.0,0
APP_1832,Female,39,SC,423700.0,education,179000.0,161000.0,10.0,Higher Secondary (12th),0,1,1,1,1,0.067,40.5,0
APP_1833,Female,42,OBC,224500.0,education,1208000.0,1087000.0,0.0,Secondary (10th),1,0,1,1,1,0.849,9.0,0
APP_1834,Male,51,SC,127900.0,micro_finance,91200.0,82100.0,0.0,Secondary (10th),1,1,1,1,1,0.234,99.0,1
APP_1835,Female,43,SC,566100.0,term_loan,3110000.0,2799000.0,10.0,Post Graduate / Professional,1,2,1,1,1,1.147,25.0,0
APP_1836,Female,36,SC,399500.0,micro_finance,101400.0,91300.0,10.0,Secondary (10th),0,4,1,1,1,0.083,55.5,0
APP_1837,Female,30,SC,621800.0,education,417000.0,375000.0,0.0,Primary (1-8),0,5,1,1,1,0.106,51.4,0
APP_1838,Male,28,SC,474800.0,green_energy,337000.0,303000.0,10.0,Higher Secondary (12th),0,1,1,1,1,0.112,89.5,1
APP_1839,Female,43,SC,194100.0,green_energy,1443000.0,1299000.0,10.0,No Formal Education,1,2,0,1,1,1.173,44.7,0
APP_1840,Female,33,SC,130400.0,education,1908000.0,1717000.0,5.0,Primary (1-8),0,1,1,1,1,2.308,66.3,1
APP_1841,Female,38,SC,342800.0,micro_finance,91300.0,86700.0,5.0,Secondary (10th),0,4,1,1,1,0.092,50.3,0
APP_1842,Male,31,SC,94600.0,sanitation,1507000.0,1432000.0,5.0,Primary (1-8),0,6,1,1,1,2.654,59.6,1
APP_1843,Male,33,SC,76100.0,micro_finance,38400.0,34600.0,0.0,Secondary (10th),1,0,1,1,1,0.166,99.0,1
APP_1844,Female,42,SC,295800.0,green_energy,1257000.0,1068000.0,15.0,Primary (1-8),0,2,1,1,1,0.633,70.9,1
APP_1845,Male,50,SC,217800.0,term_loan,807000.0,726000.0,10.0,Secondary (10th),1,6,1,1,1,0.773,67.2,1
APP_1846,Female,38,SC,160100.0,education,1108000.0,997000.0,0.0,Primary (1-8),1,2,1,1,1,1.092,67.4,1
APP_1847,Female,25,ST,93400.0,sanitation,1777000.0,1688000.0,5.0,Primary (1-8),0,7,1,0,1,3.168,6.6,0
APP_1848,Male,29,SC,101900.0,education,446000.0,401000.0,10.0,Higher Secondary (12th),1,1,1,1,1,0.69,57.7,1
APP_1849,Male,37,SC,176100.0,education,2409000.0,2168000.0,10.0,Higher Secondary (12th),0,5,0,1,1,2.158,29.0,0
APP_1850,Male,40,SC,200300.0,term_loan,3345000.0,3010000.0,5.0,No Formal Education,0,2,1,1,1,3.486,53.2,1
APP_1851,Female,34,SC,280100.0,green_energy,1224000.0,1163000.0,5.0,Graduate,1,1,0,1,1,0.728,31.8,0
APP_1852,Female,24,SC,240000.0,micro_finance,73000.0,69400.0,5.0,Higher Secondary (12th),0,3,0,1,1,0.106,66.2,1
APP_1853,Female,44,SC,107000.0,green_energy,813000.0,691000.0,15.0,Primary (1-8),1,1,1,1,1,1.132,65.7,1
APP_1854,Female,29,SC,338500.0,term_loan,278000.0,250000.0,10.0,Graduate,1,4,1,1,1,0.171,99.0,1
APP_1855,Male,30,OBC,186800.0,term_loan,882000.0,794000.0,10.0,Secondary (10th),0,1,1,1,1,0.986,5.0,0
APP_1856,Male,35,SC,269800.0,term_loan,2341000.0,2107000.0,10.0,Higher Secondary (12th),1,3,1,1,1,1.812,69.5,1
APP_1857,Female,23,Safai Karamchari / Dependent,258800.0,education,1025000.0,922000.0,5.0,No Formal Education,0,1,0,1,1,0.625,38.6,0
APP_1858,Male,30,SC,73600.0,sanitation,1425000.0,1396000.0,2.0,Secondary (10th),0,1,0,1,1,3.325,16.3,0
APP_1859,Female,29,SC,93400.0,green_energy,889000.0,756000.0,15.0,Secondary (10th),0,13,0,1,1,1.419,24.7,0
APP_1860,Male,34,Safai Karamchari / Dependent,68500.0,sanitation,1964000.0,1866000.0,5.0,Secondary (10th),0,0,1,1,0,4.775,5.0,0
APP_1861,Male,47,SC,114100.0,education,928000.0,835000.0,5.0,Secondary (10th),0,4,0,1,1,1.283,21.9,0
APP_1862,Male,18,ST,237100.0,term_loan,2277000.0,2049000.0,5.0,Secondary (10th),1,1,1,1,1,2.005,5.0,0
APP_1863,Female,26,ST,447100.0,micro_finance,43200.0,38900.0,10.0,Graduate,1,2,1,1,1,0.032,5.0,0
APP_1864,Male,25,General,232800.0,sanitation,1644000.0,1611000.0,2.0,No Formal Education,0,3,1,1,1,1.213,5.0,0
APP_1865,Other,34,SC,217800.0,term_loan,2678000.0,2410000.0,5.0,Primary (1-8),0,0,1,1,1,2.567,57.0,1
APP_1866,Female,29,SC,192300.0,term_loan,3496000.0,3146000.0,10.0,Secondary (10th),1,3,1,1,1,3.795,73.6,1
APP_1867,Male,47,SC,108900.0,green_energy,335000.0,285000.0,15.0,Primary (1-8),0,1,1,1,1,0.459,91.2,1
APP_1868,Female,41,SC,243400.0,term_loan,3819000.0,3437000.0,5.0,Secondary (10th),1,4,1,1,1,3.276,69.3,1
APP_1869,Female,19,ST,64500.0,micro_finance,65900.0,59300.0,10.0,No Formal Education,1,1,1,1,1,0.336,54.6,0
APP_1870,Female,43,Safai Karamchari / Dependent,664000.0,education,1906000.0,1715000.0,5.0,Graduate,1,10,1,1,1,0.453,59.4,0
APP_1871,Male,32,SC,613000.0,education,2327000.0,2094000.0,0.0,Graduate,1,3,0,1,1,0.599,5.0,0
APP_1872,Female,43,SC,184500.0,sanitation,409000.0,389000.0,5.0,Secondary (10th),0,1,1,1,1,0.37,99.0,1
APP_1873,Female,34,SC,141000.0,education,1035000.0,932000.0,10.0,Primary (1-8),1,1,1,1,1,1.159,68.7,1
APP_1874,Female,39,SC,123500.0,micro_finance,41500.0,37400.0,10.0,No Formal Education,1,1,1,1,1,0.111,99.0,1
APP_1875,Female,30,SC,410600.0,sanitation,1260000.0,1197000.0,5.0,Post Graduate / Professional,1,3,1,1,1,0.511,52.1,0
APP_1876,Female,33,SC,208300.0,green_energy,217000.0,206000.0,5.0,Higher Secondary (12th),1,0,1,1,1,0.173,99.0,1
APP_1877,Male,36,SC,122200.0,sanitation,589000.0,530000.0,10.0,Graduate,1,1,1,1,1,0.76,62.9,1
APP_1878,Female,30,SC,116900.0,micro_finance,59100.0,56100.0,5.0,Graduate,1,4,1,1,1,0.175,99.0,1
APP_1879,Female,34,Safai Karamchari / Dependent,158000.0,micro_finance,98200.0,88400.0,10.0,Graduate,1,3,1,1,1,0.204,99.0,1
APP_1880,Male,22,SC,253900.0,term_loan,2117000.0,1905000.0,15.0,Graduate,1,4,1,1,1,1.741,70.4,1
APP_1881,Male,37,OBC,526200.0,micro_finance,139700.0,125000.0,10.0,Secondary (10th),1,0,1,1,1,0.087,5.0,0
APP_1882,Male,26,SC,198100.0,sanitation,1831000.0,1739000.0,5.0,Primary (1-8),0,1,1,1,1,1.539,51.5,1
APP_1883,Male,49,SC,464000.0,micro_finance,29600.0,26600.0,0.0,Graduate,1,3,1,1,1,0.021,45.5,0
APP_1884,Male,28,General,398000.0,sanitation,1828000.0,1645000.0,10.0,Secondary (10th),1,10,1,1,1,0.725,5.0,0
APP_1885,Female,37,SC,178600.0,micro_finance,125800.0,119500.0,2.0,Graduate,1,6,1,1,1,0.244,99.0,1
APP_1886,Male,34,SC,268700.0,sanitation,1684000.0,1650000.0,2.0,Higher Secondary (12th),0,0,1,1,1,1.076,53.7,1
APP_1887,Female,46,SC,230900.0,green_energy,311000.0,280000.0,10.0,Secondary (10th),0,4,0,1,1,0.213,76.4,1
APP_1888,Male,27,ST,237800.0,education,1134000.0,1021000.0,5.0,Higher Secondary (12th),0,1,1,1,1,0.753,5.0,0
APP_1889,Female,35,ST,148800.0,sanitation,1334000.0,1267000.0,5.0,Secondary (10th),1,2,1,1,1,1.493,18.8,0
APP_1890,Female,26,SC,275400.0,term_loan,2382000.0,2144000.0,20.0,Primary (1-8),1,7,1,1,1,1.806,68.1,1
APP_1891,Female,43,SC,425700.0,term_loan,1487000.0,1338000.0,10.0,Primary (1-8),1,2,1,1,1,0.729,78.2,1
APP_1892,Other,21,Safai Karamchari / Dependent,566600.0,education,421000.0,379000.0,0.0,Secondary (10th),0,4,1,1,1,0.117,51.5,0
APP_1893,Male,19,SC,257400.0,sanitation,802000.0,762000.0,5.0,Graduate,1,3,1,1,1,0.519,86.8,1
APP_1894,Male,29,Safai Karamchari / Dependent,348000.0,education,2231000.0,2008000.0,5.0,Primary (1-8),0,2,0,1,1,1.012,5.0,0
APP_1895,Male,27,Safai Karamchari / Dependent,77800.0,education,459000.0,413000.0,5.0,Primary (1-8),0,2,1,1,1,0.931,68.0,1
APP_1896,Male,29,SC,229200.0,education,1342000.0,1208000.0,0.0,Graduate,1,3,1,1,1,0.924,69.2,1
APP_1897,Female,27,SC,388100.0,micro_finance,43500.0,39200.0,10.0,Primary (1-8),0,0,1,1,1,0.037,45.5,0
APP_1898,Male,41,ST,60800.0,micro_finance,28100.0,25300.0,2.0,Higher Secondary (12th),1,5,1,1,1,0.152,43.7,0
APP_1899,Male,27,SC,103200.0,term_loan,1305000.0,1174000.0,10.0,Graduate,1,1,1,1,1,2.639,63.6,1
APP_1900,Male,24,SC,271400.0,sanitation,1534000.0,1457000.0,5.0,Secondary (10th),0,2,1,1,1,0.941,55.9,1
APP_1901,Male,18,SC,90700.0,education,2215000.0,1994000.0,5.0,Higher Secondary (12th),0,1,1,1,1,3.854,57.7,1
APP_1902,Female,38,Safai Karamchari / Dependent,136200.0,green_energy,678000.0,610000.0,10.0,Secondary (10th),1,1,1,1,1,0.785,80.7,1
APP_1903,Female,23,SC,100000.0,micro_finance,44700.0,42500.0,0.0,Graduate,1,2,1,1,1,0.155,99.0,1
APP_1904,Male,31,SC,278900.0,micro_finance,112000.0,100800.0,0.0,Higher Secondary (12th),0,2,1,1,1,0.132,90.7,1
APP_1905,Female,21,Safai Karamchari / Dependent,98700.0,sanitation,810000.0,770000.0,5.0,Primary (1-8),0,6,0,1,1,1.368,41.1,0
APP_1906,Female,42,SC,97700.0,sanitation,673000.0,660000.0,2.0,Higher Secondary (12th),0,6,1,1,1,1.184,65.4,1
APP_1907,Male,30,SC,124800.0,green_energy,265000.0,252000.0,5.0,Secondary (10th),0,3,1,1,1,0.354,99.0,1
APP_1908,Male,38,SC,250200.0,sanitation,469000.0,422000.0,10.0,Graduate,1,0,1,1,1,0.296,97.4,1
APP_1909,Female,24,SC,173100.0,green_energy,543000.0,516000.0,5.0,Primary (1-8),0,0,1,1,1,0.523,96.7,1
APP_1910,Female,42,SC,154500.0,sanitation,808000.0,727000.0,10.0,Higher Secondary (12th),0,2,1,1,1,0.825,72.6,1
APP_1911,Female,31,SC,139800.0,green_energy,1243000.0,1181000.0,5.0,No Formal Education,1,1,1,1,1,1.481,72.1,1
APP_1912,Female,32,Safai Karamchari / Dependent,261500.0,term_loan,3078000.0,2770000.0,5.0,Higher Secondary (12th),1,2,1,1,1,2.457,81.5,1
APP_1913,Male,21,SC,407300.0,education,586000.0,527000.0,10.0,Higher Secondary (12th),0,0,1,1,1,0.227,43.0,0
APP_1914,Male,21,ST,332600.0,green_energy,292000.0,248000.0,15.0,No Formal Education,1,0,1,1,1,0.131,39.2,0
APP_1915,Female,35,OBC,161800.0,term_loan,807000.0,726000.0,20.0,Primary (1-8),0,2,1,1,1,1.041,10.2,0
APP_1916,Male,19,ST,137400.0,education,2233000.0,2010000.0,10.0,Higher Secondary (12th),1,2,1,1,1,2.564,5.0,0
APP_1917,Male,43,SC,284700.0,education,2324000.0,2092000.0,10.0,Post Graduate / Professional,1,0,1,1,1,1.288,67.3,1
APP_1918,Female,18,SC,294500.0,education,835000.0,752000.0,0.0,Primary (1-8),1,7,1,1,1,0.448,99.0,1
APP_1919,Female,38,SC,114200.0,sanitation,1295000.0,1269000.0,2.0,Primary (1-8),0,0,1,1,1,1.948,69.1,1
APP_1920,Male,25,OBC,214000.0,sanitation,485000.0,436000.0,10.0,Primary (1-8),0,1,1,1,1,0.357,36.3,0
APP_1921,Male,37,Safai Karamchari / Dependent,245300.0,sanitation,1225000.0,1164000.0,5.0,Post Graduate / Professional,1,0,1,1,1,0.832,66.0,1
APP_1922,Male,41,General,252800.0,micro_finance,37600.0,33800.0,2.0,Secondary (10th),1,0,1,0,1,0.049,35.8,0
APP_1923,Female,18,SC,242400.0,green_energy,475000.0,428000.0,10.0,Secondary (10th),1,0,1,1,1,0.31,99.0,1
APP_1924,Female,57,SC,99900.0,sanitation,1304000.0,1239000.0,5.0,Higher Secondary (12th),0,3,1,1,1,2.174,62.4,1
APP_1925,Male,24,SC,66100.0,micro_finance,63900.0,57500.0,10.0,Higher Secondary (12th),1,0,1,1,1,0.318,99.0,1
APP_1926,Female,36,SC,62600.0,term_loan,1852000.0,1667000.0,10.0,No Formal Education,1,6,1,1,1,6.178,83.8,1
APP_1927,Male,37,SC,174900.0,micro_finance,25300.0,22800.0,5.0,Primary (1-8),1,2,1,1,1,0.048,99.0,1
APP_1928,Other,43,SC,173600.0,green_energy,1331000.0,1131000.0,15.0,Graduate,1,2,1,1,1,1.142,63.9,1
APP_1929,Male,37,SC,263000.0,term_loan,366000.0,329000.0,5.0,Secondary (10th),0,7,1,1,1,0.29,98.5,1
APP_1930,Female,26,SC,659100.0,micro_finance,40300.0,38300.0,5.0,Secondary (10th),0,1,1,1,1,0.021,47.7,0
APP_1931,Female,31,Safai Karamchari / Dependent,124000.0,micro_finance,40700.0,38700.0,0.0,Primary (1-8),1,2,1,1,1,0.114,99.0,1
APP_1932,Female,28,SC,171900.0,micro_finance,120300.0,114300.0,0.0,Secondary (10th),0,1,1,1,1,0.243,99.0,1
APP_1933,Female,31,SC,100600.0,term_loan,190000.0,171000.0,15.0,Secondary (10th),0,20,0,1,1,0.394,79.7,1
APP_1934,Male,18,Safai Karamchari / Dependent,151000.0,term_loan,1255000.0,1130000.0,15.0,Primary (1-8),1,0,1,1,1,1.736,73.1,1
APP_1935,Male,22,SC,82200.0,term_loan,1517000.0,1365000.0,15.0,Secondary (10th),0,0,1,1,1,3.852,47.6,1
APP_1936,Male,28,SC,196500.0,micro_finance,139300.0,125000.0,10.0,Secondary (10th),0,4,1,1,1,0.232,89.0,1
APP_1937,Male,45,Safai Karamchari / Dependent,183200.0,sanitation,500000.0,490000.0,2.0,Secondary (10th),1,0,1,1,1,0.469,99.0,1
APP_1938,Female,39,SC,218000.0,term_loan,3620000.0,3258000.0,15.0,Higher Secondary (12th),0,2,1,1,1,3.467,62.3,1
APP_1939,Female,36,ST,145900.0,education,474000.0,427000.0,10.0,Primary (1-8),1,0,1,1,1,0.513,47.6,0
APP_1940,Male,38,SC,233600.0,green_energy,961000.0,865000.0,10.0,Higher Secondary (12th),1,5,0,1,1,0.649,39.3,0
APP_1941,Female,40,SC,198600.0,sanitation,1227000.0,1202000.0,2.0,Secondary (10th),0,2,0,0,1,1.061,5.0,0
APP_1942,Male,37,SC,290400.0,sanitation,1944000.0,1847000.0,5.0,Higher Secondary (12th),1,3,1,1,1,1.115,62.7,1
APP_1943,Female,27,SC,104300.0,term_loan,3452000.0,3107000.0,20.0,No Formal Education,1,0,1,1,1,6.911,72.6,1
APP_1944,Female,36,SC,154600.0,green_energy,437000.0,393000.0,10.0,Higher Secondary (12th),0,8,1,1,1,0.446,99.0,1
APP_1945,Female,38,OBC,138500.0,term_loan,1240000.0,1116000.0,20.0,Secondary (10th),0,3,1,1,0,1.869,5.0,0
APP_1946,Female,35,SC,148600.0,micro_finance,60800.0,57800.0,0.0,Higher Secondary (12th),0,3,0,1,1,0.142,72.7,1
APP_1947,Female,33,SC,152200.0,term_loan,843000.0,759000.0,10.0,Primary (1-8),1,4,1,1,0,1.157,13.9,0
APP_1948,Female,26,SC,85500.0,green_energy,1238000.0,1114000.0,10.0,Higher Secondary (12th),1,1,1,1,1,2.284,66.7,1
APP_1949,Female,27,SC,62800.0,education,1662000.0,1496000.0,10.0,Secondary (10th),0,1,1,1,1,4.176,59.6,1
APP_1950,Male,34,ST,247400.0,sanitation,1453000.0,1308000.0,10.0,Post Graduate / Professional,1,0,1,1,1,0.927,6.5,0
APP_1951,Female,36,SC,536100.0,micro_finance,43700.0,39300.0,10.0,Secondary (10th),0,1,1,1,1,0.027,45.6,0
APP_1952,Male,38,SC,141000.0,micro_finance,55500.0,50000.0,0.0,Secondary (10th),1,5,1,1,1,0.129,99.0,1
APP_1953,Male,42,SC,237300.0,micro_finance,49800.0,44800.0,0.0,Secondary (10th),1,1,1,1,1,0.069,91.5,1
APP_1954,Male,35,SC,258100.0,education,2101000.0,1891000.0,10.0,Graduate,1,1,1,1,1,1.284,64.8,1
APP_1955,Male,26,SC,452800.0,sanitation,1963000.0,1924000.0,2.0,Secondary (10th),0,4,1,1,1,0.745,5.0,0
APP_1956,Male,38,Safai Karamchari / Dependent,279000.0,education,2416000.0,2174000.0,0.0,Secondary (10th),0,1,1,1,1,1.366,51.2,1
APP_1957,Female,43,SC,164900.0,micro_finance,109600.0,104100.0,2.0,Primary (1-8),0,5,1,1,1,0.23,99.0,1
APP_1958,Female,27,SC,217700.0,education,745000.0,670000.0,5.0,Secondary (10th),0,0,1,1,1,0.54,95.9,1
APP_1959,Female,25,SC,206200.0,education,1195000.0,1076000.0,5.0,Higher Secondary (12th),1,1,1,1,1,0.915,77.2,1
APP_1960,Female,37,Safai Karamchari / Dependent,265000.0,education,1288000.0,1159000.0,10.0,Higher Secondary (12th),0,0,1,1,1,0.767,63.2,1
APP_1961,Male,22,SC,109800.0,micro_finance,138200.0,124400.0,5.0,Secondary (10th),0,7,1,1,1,0.414,95.8,1
APP_1962,Female,31,SC,299000.0,sanitation,144000.0,137000.0,5.0,Secondary (10th),0,8,1,1,1,0.08,99.0,1
APP_1963,Male,29,SC,110700.0,sanitation,310000.0,294000.0,5.0,Primary (1-8),1,3,1,1,1,0.466,99.0,1
APP_1964,Female,40,SC,411600.0,green_energy,1190000.0,1012000.0,15.0,Primary (1-8),0,6,0,1,1,0.431,66.1,1
APP_1965,Male,33,SC,241600.0,sanitation,644000.0,612000.0,5.0,Primary (1-8),0,0,1,1,1,0.444,82.5,1
APP_1966,Male,33,SC,199200.0,green_energy,714000.0,643000.0,10.0,Secondary (10th),0,5,1,1,1,0.566,89.3,1
APP_1967,Male,18,Safai Karamchari / Dependent,430000.0,micro_finance,50000.0,45000.0,10.0,Higher Secondary (12th),0,3,1,1,1,0.038,56.2,0
APP_1968,Male,39,ST,364600.0,green_energy,648000.0,616000.0,5.0,Primary (1-8),0,5,0,1,1,0.296,11.6,0
APP_1969,Female,43,SC,204800.0,micro_finance,138800.0,125000.0,2.0,Post Graduate / Professional,1,3,1,1,1,0.223,99.0,1
APP_1970,Female,36,Safai Karamchari / Dependent,239700.0,term_loan,2776000.0,2498000.0,20.0,Graduate,1,3,1,1,1,2.418,88.2,1
APP_1971,Male,49,SC,205700.0,education,2474000.0,2227000.0,10.0,No Formal Education,0,1,1,1,1,1.898,52.5,1
APP_1972,Female,38,Safai Karamchari / Dependent,215900.0,micro_finance,71400.0,67800.0,0.0,Primary (1-8),0,9,1,1,1,0.115,99.0,1
APP_1973,Female,32,SC,118300.0,term_loan,2008000.0,1807000.0,15.0,No Formal Education,0,2,1,1,1,3.544,70.8,1
APP_1974,Male,39,SC,139400.0,term_loan,1884000.0,1696000.0,15.0,Secondary (10th),0,3,1,1,1,2.823,64.4,1
APP_1975,Male,33,SC,133600.0,term_loan,2906000.0,2615000.0,15.0,Secondary (10th),0,3,1,1,1,4.541,56.7,1
APP_1976,Male,24,ST,114700.0,term_loan,3426000.0,3083000.0,15.0,Primary (1-8),1,9,1,1,1,6.236,14.4,0
APP_1977,Female,34,SC,142600.0,sanitation,396000.0,356000.0,10.0,Secondary (10th),1,4,1,1,1,0.438,98.6,1
APP_1978,Male,43,SC,220500.0,sanitation,223000.0,219000.0,2.0,Secondary (10th),1,1,1,1,1,0.174,99.0,1
APP_1979,Female,37,SC,662500.0,term_loan,3384000.0,3046000.0,10.0,Higher Secondary (12th),1,3,1,1,0,1.067,14.9,0
APP_1980,Female,39,SC,237900.0,sanitation,1758000.0,1723000.0,2.0,Secondary (10th),0,2,1,1,1,1.27,58.6,1
APP_1981,Female,42,Safai Karamchari / Dependent,295100.0,term_loan,1173000.0,1056000.0,15.0,No Formal Education,1,0,1,1,1,0.83,80.4,1
APP_1982,Female,47,SC,242800.0,sanitation,1007000.0,987000.0,2.0,Secondary (10th),0,6,1,1,1,0.713,67.3,1
APP_1983,Female,25,SC,201500.0,micro_finance,91800.0,87200.0,5.0,Secondary (10th),0,1,1,1,1,0.158,99.0,1
APP_1984,Male,36,SC,298100.0,term_loan,1119000.0,1007000.0,20.0,Higher Secondary (12th),0,1,1,1,1,0.784,49.2,1
APP_1985,Female,35,SC,222700.0,education,1297000.0,1167000.0,10.0,Secondary (10th),0,3,0,1,1,0.919,36.8,0
APP_1986,Female,29,SC,163700.0,sanitation,679000.0,645000.0,5.0,Secondary (10th),0,0,1,1,1,0.691,62.2,1
APP_1987,Female,26,SC,187300.0,term_loan,546000.0,491000.0,15.0,Graduate,1,3,1,1,1,0.608,74.3,1
APP_1988,Male,23,ST,97700.0,green_energy,1442000.0,1298000.0,10.0,Higher Secondary (12th),0,6,1,1,1,2.329,5.0,0
APP_1989,Male,32,Safai Karamchari / Dependent,133500.0,green_energy,1131000.0,961000.0,15.0,Secondary (10th),1,4,1,1,1,1.262,76.1,1
APP_1990,Female,42,SC,93600.0,green_energy,767000.0,690000.0,10.0,No Formal Education,0,20,1,1,1,1.292,64.8,1
APP_1991,Female,36,SC,193900.0,education,1868000.0,1681000.0,0.0,Higher Secondary (12th),0,2,1,1,1,1.52,63.4,1
APP_1992,Male,29,SC,678700.0,green_energy,1205000.0,1084000.0,10.0,Higher Secondary (12th),0,12,1,1,1,0.28,44.0,0
APP_1993,Female,37,SC,189100.0,green_energy,741000.0,667000.0,10.0,Primary (1-8),1,9,1,1,1,0.618,76.5,1
APP_1994,Male,32,ST,197800.0,green_energy,908000.0,817000.0,10.0,Primary (1-8),0,0,1,1,1,0.724,5.0,0
APP_1995,Male,28,SC,269000.0,education,1772000.0,1595000.0,10.0,Secondary (10th),0,2,0,1,1,1.039,21.5,0
APP_1996,Female,29,SC,107800.0,term_loan,3890000.0,3501000.0,15.0,Primary (1-8),0,0,1,1,1,7.534,61.6,1
APP_1997,Male,18,Safai Karamchari / Dependent,74500.0,green_energy,1486000.0,1337000.0,10.0,No Formal Education,0,5,1,1,1,3.146,65.7,1
APP_1998,Male,23,SC,236300.0,sanitation,1174000.0,1057000.0,10.0,Higher Secondary (12th),0,0,1,1,1,0.784,49.8,1
APP_1999,Male,30,General,244100.0,green_energy,732000.0,659000.0,10.0,Secondary (10th),0,1,0,1,1,0.473,5.0,0
APP_2000,Male,29,SC,226200.0,term_loan,3308000.0,2977000.0,20.0,Graduate,1,0,1,1,1,3.053,62.9,1
APP_2001,Female,30,SC,113500.0,micro_finance,100900.0,95900.0,5.0,Secondary (10th),0,1,1,1,1,0.308,99.0,1
APP_2002,Female,33,Safai Karamchari / Dependent,103600.0,sanitation,150000.0,135000.0,10.0,Graduate,1,1,1,1,1,0.228,99.0,1
APP_2003,Male,46,SC,99200.0,education,2478000.0,2230000.0,0.0,Graduate,1,0,1,1,1,3.941,58.4,1
APP_2004,Female,35,OBC,268200.0,green_energy,1303000.0,1238000.0,5.0,Secondary (10th),0,0,1,1,1,0.809,16.5,0
APP_2005,Female,21,SC,589800.0,micro_finance,34600.0,32900.0,2.0,Primary (1-8),0,2,1,1,1,0.02,51.9,0
APP_2006,Female,33,SC,174700.0,term_loan,2109000.0,1898000.0,20.0,No Formal Education,1,1,1,1,1,2.52,65.8,1
APP_2007,Male,23,SC,132200.0,education,2499000.0,2249000.0,0.0,Higher Secondary (12th),0,4,1,1,0,2.982,5.0,0
APP_2008,Female,50,Safai Karamchari / Dependent,62200.0,education,1335000.0,1202000.0,0.0,Higher Secondary (12th),0,5,1,1,1,3.388,75.1,1
APP_2009,Female,30,SC,101400.0,education,2346000.0,2111000.0,0.0,Higher Secondary (12th),0,2,1,1,1,3.65,67.0,1
APP_2010,Female,31,SC,149600.0,term_loan,3389000.0,3050000.0,15.0,No Formal Education,1,0,1,1,1,4.73,74.2,1
APP_2011,Male,49,SC,203600.0,term_loan,2172000.0,1955000.0,10.0,Primary (1-8),1,2,1,1,1,2.228,66.6,1
APP_2012,Female,45,SC,476200.0,green_energy,1307000.0,1111000.0,15.0,No Formal Education,0,1,0,1,1,0.409,57.7,1
APP_2013,Female,31,SC,174700.0,sanitation,1523000.0,1371000.0,10.0,Primary (1-8),1,1,1,1,1,1.376,75.3,1
APP_2014,Male,48,Safai Karamchari / Dependent,207600.0,micro_finance,50000.0,45000.0,5.0,Primary (1-8),0,0,1,1,1,0.079,99.0,1
APP_2015,Other,36,SC,431200.0,sanitation,812000.0,796000.0,2.0,Secondary (10th),0,3,1,1,1,0.324,33.7,0
APP_2016,Male,53,OBC,212300.0,micro_finance,120200.0,108200.0,2.0,Primary (1-8),1,0,1,1,1,0.186,36.2,0
APP_2017,Female,18,General,123100.0,sanitation,936000.0,842000.0,10.0,Primary (1-8),0,3,0,1,1,1.199,5.0,0
APP_2018,Female,35,ST,169500.0,education,314000.0,283000.0,5.0,Higher Secondary (12th),1,0,1,1,1,0.293,44.5,0
APP_2019,Female,25,SC,86700.0,sanitation,1146000.0,1089000.0,5.0,Primary (1-8),1,0,1,1,1,2.202,66.4,1
APP_2020,Female,29,Safai Karamchari / Dependent,504400.0,sanitation,369000.0,332000.0,10.0,Primary (1-8),1,9,1,1,1,0.115,72.2,0
APP_2021,Male,34,SC,188000.0,term_loan,2227000.0,2004000.0,10.0,Secondary (10th),1,0,1,1,1,2.473,64.2,1
APP_2022,Male,44,OBC,108500.0,term_loan,338000.0,304000.0,20.0,Primary (1-8),0,1,0,0,1,0.65,5.0,0
APP_2023,Male,35,SC,230000.0,term_loan,2722000.0,2450000.0,10.0,Graduate,1,6,0,1,1,2.471,27.8,0
APP_2024,Male,29,SC,690600.0,term_loan,3917000.0,3525000.0,20.0,Higher Secondary (12th),0,3,1,1,1,1.184,7.4,0
APP_2025,Female,27,OBC,156300.0,micro_finance,107100.0,101700.0,2.0,Primary (1-8),1,7,1,1,1,0.238,46.6,0
APP_2026,Female,26,SC,173100.0,sanitation,1355000.0,1287000.0,5.0,Graduate,1,0,1,1,1,1.303,65.6,1
APP_2027,Male,36,OBC,261100.0,education,698000.0,628000.0,10.0,Secondary (10th),0,3,1,1,1,0.422,31.9,0
APP_2028,Female,28,SC,541300.0,education,1530000.0,1377000.0,5.0,Primary (1-8),0,2,1,1,1,0.446,45.3,0
APP_2029,Male,27,ST,233800.0,micro_finance,53100.0,47800.0,5.0,Higher Secondary (12th),1,2,1,1,1,0.075,45.7,0
APP_2030,Female,25,Safai Karamchari / Dependent,178800.0,micro_finance,90900.0,86400.0,5.0,Primary (1-8),0,0,1,1,1,0.176,99.0,1
APP_2031,Male,33,ST,70100.0,green_energy,296000.0,252000.0,15.0,Post Graduate / Professional,1,2,1,1,1,0.63,11.4,0
APP_2032,Female,28,SC,143400.0,sanitation,1597000.0,1517000.0,5.0,Secondary (10th),0,2,0,1,1,1.854,35.3,0
APP_2033,Male,51,SC,65800.0,green_energy,1427000.0,1356000.0,5.0,Primary (1-8),0,20,1,1,1,3.613,53.0,1
APP_2034,Male,29,SC,399500.0,education,1159000.0,1043000.0,0.0,Secondary (10th),0,6,1,1,1,0.458,36.9,0
APP_2035,Male,28,SC,156300.0,sanitation,762000.0,747000.0,2.0,Graduate,1,2,1,1,1,0.838,56.4,1
APP_2036,Female,40,SC,336200.0,term_loan,1713000.0,1542000.0,20.0,Higher Secondary (12th),0,2,1,1,1,1.064,69.1,1
APP_2037,Male,28,ST,290200.0,education,861000.0,775000.0,0.0,Primary (1-8),1,0,1,1,1,0.468,27.0,0
APP_2038,Male,18,SC,107700.0,sanitation,272000.0,245000.0,10.0,Graduate,1,6,1,1,1,0.399,99.0,1
APP_2039,Female,20,ST,289500.0,education,2051000.0,1846000.0,5.0,Higher Secondary (12th),0,0,1,1,1,1.118,5.0,0
APP_2040,Male,28,SC,178700.0,term_loan,3358000.0,3022000.0,10.0,Primary (1-8),1,3,1,1,1,3.923,68.6,1
APP_2041,Male,26,ST,165300.0,term_loan,2292000.0,2063000.0,10.0,Secondary (10th),0,1,1,1,1,2.895,5.0,0
APP_2042,Male,29,Safai Karamchari / Dependent,621400.0,green_energy,506000.0,455000.0,10.0,Secondary (10th),0,4,1,1,1,0.128,59.3,0
APP_2043,Female,36,Safai Karamchari / Dependent,250900.0,term_loan,2379000.0,2141000.0,5.0,Post Graduate / Professional,1,0,1,1,1,1.98,75.8,1
APP_2044,Female,40,SC,294400.0,sanitation,1660000.0,1627000.0,2.0,Secondary (10th),0,9,1,1,1,0.969,72.2,1
APP_2045,Female,28,General,167600.0,green_energy,1028000.0,925000.0,10.0,Secondary (10th),0,0,1,1,0,0.968,5.0,0
APP_2046,Male,34,OBC,231300.0,education,1268000.0,1141000.0,10.0,Higher Secondary (12th),1,5,1,1,1,0.865,13.5,0
APP_2047,Female,27,SC,678500.0,education,429000.0,386000.0,10.0,Post Graduate / Professional,1,0,1,1,1,0.1,49.0,0
APP_2048,Female,34,OBC,187100.0,sanitation,1488000.0,1339000.0,10.0,Primary (1-8),0,9,1,0,1,1.255,9.3,0
APP_2049,Male,40,SC,81400.0,micro_finance,133500.0,120200.0,10.0,Graduate,1,3,1,1,1,0.539,89.7,1
APP_2050,Female,41,Safai Karamchari / Dependent,499900.0,education,527000.0,474000.0,5.0,Primary (1-8),1,10,1,1,1,0.166,65.7,0
APP_2051,Male,36,SC,295700.0,micro_finance,27100.0,24400.0,5.0,No Formal Education,1,1,0,1,1,0.03,69.7,1
APP_2052,Female,41,ST,266200.0,education,2393000.0,2154000.0,0.0,Higher Secondary (12th),0,16,1,0,1,1.418,10.4,0
APP_2053,Male,24,SC,582500.0,term_loan,3537000.0,3183000.0,10.0,Secondary (10th),0,0,1,1,1,1.268,5.0,0
APP_2054,Male,19,SC,143800.0,micro_finance,41700.0,37500.0,2.0,Graduate,1,1,1,0,1,0.095,35.0,0
APP_2055,Male,29,Safai Karamchari / Dependent,567500.0,sanitation,224000.0,220000.0,2.0,Secondary (10th),1,9,1,1,1,0.068,49.2,0
APP_2056,Female,36,General,262500.0,education,1676000.0,1508000.0,10.0,No Formal Education,0,0,1,1,1,1.007,5.0,0
APP_2057,Male,33,SC,214400.0,sanitation,637000.0,624000.0,2.0,Secondary (10th),1,2,0,1,1,0.51,59.4,1
APP_2058,Male,32,SC,176200.0,micro_finance,66700.0,60000.0,10.0,Post Graduate / Professional,1,3,1,1,1,0.124,98.8,1
APP_2059,Female,41,SC,599100.0,micro_finance,88600.0,84200.0,2.0,Higher Secondary (12th),0,3,1,1,1,0.051,52.1,0
APP_2060,Female,25,SC,224200.0,term_loan,1820000.0,1638000.0,10.0,Secondary (10th),0,1,1,1,1,1.695,71.7,1
APP_2061,Male,31,Safai Karamchari / Dependent,108900.0,term_loan,946000.0,851000.0,5.0,No Formal Education,1,4,0,1,1,1.813,43.0,0
APP_2062,Male,26,ST,102500.0,term_loan,1651000.0,1486000.0,10.0,Secondary (10th),0,0,1,1,1,3.363,5.0,0
APP_2063,Male,26,SC,267300.0,education,1595000.0,1436000.0,0.0,Graduate,1,6,0,1,1,0.942,17.6,0
APP_2064,Female,37,Safai Karamchari / Dependent,247000.0,green_energy,492000.0,467000.0,5.0,Higher Secondary (12th),1,2,1,1,1,0.331,99.0,1
APP_2065,Female,33,SC,249900.0,term_loan,406000.0,365000.0,15.0,Primary (1-8),0,1,0,1,1,0.339,58.7,1
APP_2066,Male,21,SC,86000.0,education,369000.0,332000.0,0.0,Post Graduate / Professional,1,0,1,1,0,0.677,11.9,0
APP_2067,Female,35,SC,153100.0,green_energy,263000.0,224000.0,15.0,Graduate,1,8,1,1,1,0.256,99.0,1
APP_2068,Male,45,SC,293900.0,sanitation,1560000.0,1404000.0,10.0,Secondary (10th),0,3,0,1,0,0.837,5.0,0
APP_2069,Female,51,SC,153900.0,term_loan,739000.0,665000.0,15.0,Secondary (10th),1,8,1,1,1,1.002,79.0,1
APP_2070,Male,19,SC,186900.0,micro_finance,86800.0,78100.0,2.0,Secondary (10th),1,0,1,1,1,0.153,92.2,1
APP_2071,Male,38,SC,448100.0,micro_finance,37200.0,33500.0,0.0,Higher Secondary (12th),1,0,1,1,1,0.027,44.5,0
APP_2072,Female,23,SC,195300.0,sanitation,240000.0,216000.0,10.0,Graduate,1,0,1,1,1,0.194,99.0,1
APP_2073,Female,35,Safai Karamchari / Dependent,207000.0,green_energy,616000.0,524000.0,15.0,Secondary (10th),0,4,1,1,1,0.444,99.0,1
APP_2074,Female,34,Safai Karamchari / Dependent,455400.0,term_loan,1140000.0,1026000.0,10.0,Secondary (10th),1,2,1,1,1,0.523,99.0,1
APP_2075,Male,18,General,210400.0,sanitation,495000.0,470000.0,5.0,Secondary (10th),0,9,1,1,1,0.392,42.9,0
APP_2076,Female,18,SC,187200.0,education,675000.0,608000.0,10.0,Primary (1-8),1,0,1,1,1,0.569,95.7,1
APP_2077,Male,35,Safai Karamchari / Dependent,214600.0,green_energy,438000.0,416000.0,5.0,Secondary (10th),0,2,1,1,0,0.34,51.5,1
APP_2078,Female,39,SC,273600.0,sanitation,1353000.0,1218000.0,10.0,Secondary (10th),0,1,1,1,1,0.78,56.3,1
APP_2079,Female,18,Safai Karamchari / Dependent,97400.0,term_loan,1697000.0,1527000.0,10.0,Primary (1-8),1,6,1,1,1,3.637,88.1,1
APP_2080,Female,33,OBC,236500.0,green_energy,1332000.0,1132000.0,15.0,No Formal Education,1,1,1,0,1,0.839,16.6,0
APP_2081,Male,44,SC,381200.0,education,444000.0,400000.0,0.0,Secondary (10th),1,1,1,1,1,0.184,39.4,0
APP_2082,Female,20,Safai Karamchari / Dependent,84400.0,green_energy,909000.0,864000.0,5.0,Primary (1-8),1,6,0,1,1,1.795,33.8,0
APP_2083,Male,28,SC,119900.0,green_energy,303000.0,288000.0,5.0,Graduate,1,5,1,1,1,0.421,90.5,1
APP_2084,Female,30,SC,256300.0,green_energy,1407000.0,1196000.0,15.0,Secondary (10th),0,2,1,1,1,0.818,73.8,1
APP_2085,Male,37,General,327600.0,education,407000.0,366000.0,5.0,Higher Secondary (12th),0,0,1,0,0,0.196,5.0,0
APP_2086,Male,35,SC,287700.0,term_loan,470000.0,423000.0,20.0,No Formal Education,0,2,1,1,1,0.341,99.0,1
APP_2087,Male,33,General,309400.0,term_loan,1376000.0,1238000.0,10.0,No Formal Education,1,1,1,1,1,0.928,5.0,0
APP_2088,Female,38,General,218300.0,micro_finance,60000.0,57000.0,0.0,Primary (1-8),0,12,1,1,1,0.095,38.1,0
APP_2089,Female,49,SC,226900.0,green_energy,515000.0,464000.0,10.0,Secondary (10th),0,0,1,1,1,0.358,99.0,1
APP_2090,Female,25,SC,106300.0,education,762000.0,686000.0,0.0,Graduate,1,3,1,1,1,1.131,69.0,1
APP_2091,Male,35,SC,242900.0,sanitation,562000.0,551000.0,2.0,Secondary (10th),1,0,1,1,1,0.398,99.0,1
APP_2092,Male,40,Safai Karamchari / Dependent,278100.0,micro_finance,28400.0,25600.0,10.0,Higher Secondary (12th),1,1,1,1,1,0.034,99.0,1
APP_2093,Female,37,Safai Karamchari / Dependent,82000.0,term_loan,3813000.0,3432000.0,5.0,Secondary (10th),0,3,1,1,1,9.71,78.1,1
APP_2094,Female,21,Safai Karamchari / Dependent,178900.0,sanitation,1442000.0,1370000.0,5.0,Primary (1-8),0,0,1,1,1,1.342,67.5,1
APP_2095,Female,24,OBC,270800.0,micro_finance,89100.0,84600.0,2.0,Higher Secondary (12th),0,3,1,1,1,0.114,34.1,0
APP_2096,Female,29,SC,204400.0,term_loan,2101000.0,1891000.0,15.0,Primary (1-8),1,1,1,1,1,2.146,71.0,1
APP_2097,Female,30,SC,178500.0,education,2265000.0,2038000.0,0.0,Higher Secondary (12th),0,6,1,1,1,2.001,61.3,1
APP_2098,Male,33,SC,245100.0,micro_finance,129700.0,116700.0,0.0,Secondary (10th),0,0,1,1,1,0.174,87.4,1
APP_2099,Male,35,Safai Karamchari / Dependent,299800.0,education,540000.0,486000.0,10.0,Primary (1-8),0,0,1,1,1,0.284,99.0,1
APP_2100,Female,49,ST,94100.0,green_energy,1163000.0,1047000.0,10.0,Graduate,1,11,1,1,1,1.95,15.1,0
APP_2101,Female,37,SC,218800.0,term_loan,815000.0,734000.0,10.0,Primary (1-8),1,9,1,1,1,0.778,73.7,1
APP_2102,Female,36,SC,519700.0,green_energy,457000.0,411000.0,10.0,Higher Secondary (12th),0,3,1,1,1,0.139,56.5,0
APP_2103,Female,47,SC,582400.0,micro_finance,92900.0,88300.0,2.0,Primary (1-8),0,2,1,1,1,0.055,45.2,0
APP_2104,Male,27,SC,208400.0,education,1560000.0,1404000.0,10.0,Primary (1-8),1,4,1,1,1,1.181,76.1,1
APP_2105,Male,31,SC,148800.0,education,676000.0,608000.0,5.0,Higher Secondary (12th),0,6,0,1,1,0.716,26.4,0
APP_2106,Male,44,SC,139500.0,green_energy,412000.0,391000.0,5.0,Post Graduate / Professional,1,1,1,1,1,0.491,92.7,1
APP_2107,Female,40,Safai Karamchari / Dependent,172700.0,sanitation,137000.0,123000.0,10.0,Graduate,1,1,1,1,1,0.125,99.0,1
APP_2108,Male,33,ST,406400.0,green_energy,757000.0,719000.0,5.0,Higher Secondary (12th),1,2,1,0,1,0.31,53.1,0
APP_2109,Female,40,SC,209000.0,term_loan,2313000.0,2082000.0,15.0,Post Graduate / Professional,1,1,1,1,1,2.311,61.2,1
APP_2110,Male,33,SC,236000.0,term_loan,2982000.0,2684000.0,10.0,Secondary (10th),0,4,1,1,1,2.638,62.1,1
APP_2111,Female,45,SC,66900.0,micro_finance,97300.0,87600.0,10.0,No Formal Education,0,5,0,1,1,0.478,57.1,1
APP_2112,Female,32,SC,284900.0,sanitation,966000.0,947000.0,2.0,Higher Secondary (12th),0,5,1,1,0,0.583,40.9,0
APP_2113,Female,34,SC,94000.0,micro_finance,119800.0,107800.0,10.0,Secondary (10th),0,3,1,1,1,0.419,96.3,1
APP_2114,Male,27,SC,69500.0,micro_finance,81400.0,73300.0,2.0,Secondary (10th),0,9,1,1,1,0.385,96.8,1
APP_2115,Female,37,SC,79500.0,term_loan,1473000.0,1326000.0,5.0,Secondary (10th),0,0,1,1,1,3.869,57.2,1
APP_2116,Male,38,SC,98200.0,term_loan,3087000.0,2778000.0,15.0,Primary (1-8),1,1,1,1,1,6.563,52.7,1
APP_2117,Female,31,SC,288000.0,term_loan,3825000.0,3442000.0,10.0,Secondary (10th),1,1,1,1,1,2.773,68.3,1
APP_2118,Male,37,SC,192000.0,education,177000.0,159000.0,10.0,No Formal Education,1,0,1,1,1,0.145,99.0,1
APP_2119,Male,26,Safai Karamchari / Dependent,96500.0,education,98000.0,88000.0,10.0,Higher Secondary (12th),1,0,1,1,1,0.16,99.0,1
APP_2120,Male,43,SC,275500.0,term_loan,1662000.0,1496000.0,15.0,Secondary (10th),0,0,0,1,1,1.26,28.3,0
APP_2121,Female,30,SC,238300.0,term_loan,3516000.0,3164000.0,10.0,Higher Secondary (12th),0,7,1,1,1,3.08,65.5,1
APP_2122,Male,32,SC,210300.0,sanitation,1177000.0,1118000.0,5.0,Primary (1-8),1,0,1,1,1,0.932,65.7,1
APP_2123,Male,34,Safai Karamchari / Dependent,169900.0,term_loan,1654000.0,1489000.0,10.0,Graduate,1,1,1,1,1,2.033,67.4,1
APP_2124,Female,34,SC,67500.0,term_loan,343000.0,309000.0,5.0,Graduate,1,0,1,1,1,1.062,67.9,1
APP_2125,Female,27,SC,293000.0,term_loan,3006000.0,2705000.0,15.0,No Formal Education,0,0,1,1,1,2.142,68.0,1
APP_2126,Female,18,SC,693300.0,education,2293000.0,2064000.0,0.0,Graduate,1,12,1,1,1,0.522,52.5,0
APP_2127,Female,18,SC,169300.0,green_energy,1347000.0,1145000.0,15.0,Secondary (10th),1,4,1,1,1,1.186,76.7,1
APP_2128,Female,38,SC,68900.0,term_loan,1815000.0,1634000.0,20.0,Secondary (10th),0,1,1,1,1,5.502,61.7,1
APP_2129,Male,28,Safai Karamchari / Dependent,124100.0,education,1704000.0,1534000.0,0.0,Primary (1-8),0,1,1,1,1,2.167,58.3,1
APP_2130,Male,37,Safai Karamchari / Dependent,231700.0,green_energy,1152000.0,1037000.0,10.0,Secondary (10th),0,0,1,1,1,0.785,65.4,1
APP_2131,Male,39,SC,213400.0,education,1065000.0,958000.0,10.0,Secondary (10th),0,9,1,1,1,0.787,57.3,1
APP_2132,Male,33,SC,334600.0,green_energy,492000.0,467000.0,5.0,Secondary (10th),1,1,1,1,1,0.245,97.5,1
APP_2133,Male,40,SC,693100.0,term_loan,708000.0,637000.0,15.0,Secondary (10th),0,0,1,1,1,0.213,36.1,0
APP_2134,Male,18,SC,271400.0,term_loan,3963000.0,3567000.0,5.0,Secondary (10th),0,1,1,1,0,3.049,5.0,0
APP_2135,Male,40,Safai Karamchari / Dependent,138100.0,term_loan,3370000.0,3033000.0,15.0,Secondary (10th),1,0,1,1,1,5.095,58.1,1
APP_2136,Male,45,General,214500.0,green_energy,360000.0,306000.0,15.0,Graduate,1,4,1,1,1,0.25,48.6,0
APP_2137,Male,32,ST,133600.0,micro_finance,110700.0,99600.0,5.0,Graduate,1,1,1,0,1,0.272,41.2,0
APP_2138,Female,23,SC,223300.0,micro_finance,28000.0,25200.0,10.0,Post Graduate / Professional,1,3,1,1,1,0.041,99.0,1
APP_2139,Female,48,SC,208600.0,education,2305000.0,2074000.0,10.0,Higher Secondary (12th),1,0,1,1,1,1.743,65.7,1
APP_2140,Female,22,SC,240700.0,micro_finance,112400.0,101200.0,10.0,Higher Secondary (12th),0,7,1,1,1,0.153,99.0,1
APP_2141,Male,31,Safai Karamchari / Dependent,120500.0,micro_finance,31000.0,27900.0,2.0,Higher Secondary (12th),0,0,0,1,1,0.085,66.1,1
APP_2142,Male,20,SC,192600.0,term_loan,2861000.0,2575000.0,20.0,Primary (1-8),0,3,1,1,1,3.102,57.5,1
APP_2143,Male,38,SC,171200.0,micro_finance,103700.0,93300.0,10.0,Graduate,1,6,1,1,1,0.199,99.0,1
APP_2144,Male,24,ST,99100.0,sanitation,652000.0,619000.0,5.0,Secondary (10th),0,4,0,1,1,1.095,5.0,0
APP_2145,Female,46,Safai Karamchari / Dependent,277300.0,term_loan,3124000.0,2812000.0,5.0,Secondary (10th),1,1,1,1,1,2.353,72.3,1
APP_2146,Male,42,OBC,99500.0,green_energy,328000.0,279000.0,15.0,Secondary (10th),0,7,1,1,1,0.492,39.1,0
APP_2147,Male,31,SC,160500.0,sanitation,164000.0,156000.0,5.0,Secondary (10th),0,3,1,1,0,0.17,35.9,0
APP_2148,Female,20,SC,282700.0,education,413000.0,372000.0,0.0,Primary (1-8),0,1,1,1,0,0.231,33.6,0
APP_2149,Male,44,SC,562500.0,education,1489000.0,1340000.0,0.0,Secondary (10th),1,0,1,1,1,0.418,33.0,0
APP_2150,Female,35,SC,185900.0,micro_finance,51900.0,49300.0,0.0,Secondary (10th),0,6,1,1,1,0.097,99.0,1
APP_2151,Female,47,SC,83800.0,term_loan,1643000.0,1479000.0,5.0,Primary (1-8),1,0,1,1,1,4.094,71.5,1
APP_2152,Other,25,SC,210500.0,sanitation,886000.0,797000.0,10.0,Secondary (10th),1,5,1,1,1,0.664,63.6,1
APP_2153,Male,39,SC,283400.0,education,1026000.0,923000.0,10.0,Graduate,1,0,0,1,0,0.571,5.0,0
APP_2154,Male,42,SC,97700.0,sanitation,1238000.0,1176000.0,5.0,Secondary (10th),1,1,1,1,1,2.11,64.3,1
APP_2155,Male,42,SC,127400.0,term_loan,2653000.0,2388000.0,15.0,Secondary (10th),0,3,1,1,0,4.349,13.4,0
APP_2156,Male,40,Safai Karamchari / Dependent,201500.0,sanitation,1164000.0,1048000.0,10.0,Higher Secondary (12th),0,1,1,1,1,0.912,71.9,1
APP_2157,Male,42,SC,75100.0,green_energy,999000.0,899000.0,10.0,Graduate,1,0,1,1,1,2.098,58.2,1
APP_2158,Male,24,SC,258200.0,term_loan,2143000.0,1929000.0,20.0,Primary (1-8),0,3,1,1,1,1.733,63.8,1
APP_2159,Male,26,SC,224600.0,term_loan,2894000.0,2605000.0,15.0,Primary (1-8),0,0,1,1,1,2.691,58.5,1
APP_2160,Male,36,SC,259300.0,education,523000.0,471000.0,10.0,Graduate,1,6,1,1,1,0.318,99.0,1
APP_2161,Male,31,SC,120600.0,green_energy,1455000.0,1237000.0,15.0,Post Graduate / Professional,1,9,1,1,1,1.798,56.4,1
APP_2162,Male,30,SC,182700.0,green_energy,718000.0,646000.0,10.0,No Formal Education,0,0,0,1,1,0.62,9.9,0
APP_2163,Female,32,SC,242400.0,green_energy,1492000.0,1417000.0,5.0,Graduate,1,0,1,1,1,1.025,68.4,1
APP_2164,Female,24,ST,62400.0,green_energy,606000.0,515000.0,15.0,Higher Secondary (12th),1,2,1,1,1,1.447,24.6,0
APP_2165,Male,29,SC,65500.0,education,1494000.0,1345000.0,0.0,Primary (1-8),0,3,1,1,1,3.6,50.6,1
APP_2166,Female,35,Safai Karamchari / Dependent,407900.0,term_loan,2022000.0,1820000.0,5.0,Primary (1-8),0,2,1,1,1,1.035,80.7,1
APP_2167,Female,27,SC,164400.0,term_loan,3464000.0,3118000.0,20.0,Secondary (10th),1,0,1,1,1,4.4,70.0,1
APP_2168,Male,18,SC,151200.0,term_loan,2234000.0,2011000.0,15.0,Primary (1-8),0,8,1,1,1,3.086,65.3,1
APP_2169,Male,24,SC,205600.0,micro_finance,64800.0,58300.0,0.0,Higher Secondary (12th),0,4,1,1,1,0.104,93.6,1
APP_2170,Female,36,SC,275600.0,education,998000.0,898000.0,5.0,Post Graduate / Professional,1,4,1,1,1,0.571,95.7,1
APP_2171,Female,35,SC,177800.0,micro_finance,106900.0,96200.0,10.0,No Formal Education,1,3,1,1,0,0.198,60.8,1
APP_2172,Female,37,SC,184100.0,green_energy,867000.0,824000.0,5.0,Graduate,1,1,1,1,1,0.785,70.7,1
APP_2173,Female,39,SC,79000.0,term_loan,3738000.0,3364000.0,20.0,Primary (1-8),1,3,1,1,1,9.879,69.3,1
APP_2174,Female,31,SC,82100.0,green_energy,220000.0,187000.0,15.0,Higher Secondary (12th),0,4,1,1,1,0.399,99.0,1
APP_2175,Male,44,ST,253900.0,green_energy,414000.0,352000.0,15.0,No Formal Education,0,2,1,1,1,0.243,33.8,0
APP_2176,Male,26,SC,188100.0,green_energy,402000.0,382000.0,5.0,Secondary (10th),1,0,1,1,1,0.356,99.0,1
APP_2177,Female,27,SC,263200.0,micro_finance,49000.0,46600.0,5.0,Secondary (10th),1,1,1,1,1,0.065,99.0,1
APP_2178,Female,41,SC,295900.0,term_loan,673000.0,606000.0,15.0,Secondary (10th),0,0,1,1,1,0.475,96.6,1
APP_2179,Male,22,SC,184700.0,green_energy,1212000.0,1030000.0,15.0,Higher Secondary (12th),0,0,1,1,1,0.978,51.2,1
APP_2180,Male,44,SC,77600.0,sanitation,1990000.0,1890000.0,5.0,Primary (1-8),0,11,1,1,1,4.27,60.7,1
APP_2181,Female,39,SC,213200.0,green_energy,349000.0,297000.0,15.0,Higher Secondary (12th),0,0,1,1,1,0.244,99.0,1
APP_2182,Male,18,ST,155800.0,micro_finance,105500.0,95000.0,5.0,Graduate,1,3,1,1,0,0.223,5.0,0
APP_2183,Female,21,SC,152800.0,micro_finance,98400.0,88600.0,10.0,No Formal Education,1,0,1,1,1,0.212,99.0,1
APP_2184,Female,28,SC,181600.0,green_energy,165000.0,157000.0,5.0,Primary (1-8),0,0,1,1,1,0.152,99.0,1
APP_2185,Female,33,SC,207100.0,sanitation,759000.0,721000.0,5.0,Primary (1-8),1,2,1,1,1,0.61,76.4,1
APP_2186,Female,45,SC,191500.0,green_energy,1161000.0,987000.0,15.0,No Formal Education,0,1,0,1,1,0.904,29.7,0
APP_2187,Male,26,SC,242900.0,green_energy,415000.0,353000.0,15.0,Secondary (10th),1,3,1,1,0,0.255,43.8,0
APP_2188,Female,23,SC,272000.0,term_loan,1794000.0,1615000.0,15.0,Post Graduate / Professional,1,0,0,1,1,1.377,40.7,0
APP_2189,Male,25,SC,366200.0,green_energy,1058000.0,1005000.0,5.0,No Formal Education,0,3,0,1,0,0.481,5.0,0
APP_2190,Male,43,SC,273400.0,green_energy,1249000.0,1124000.0,10.0,Higher Secondary (12th),1,4,1,1,1,0.721,72.3,1
APP_2191,Male,33,Safai Karamchari / Dependent,118900.0,sanitation,1648000.0,1566000.0,5.0,Secondary (10th),1,4,1,1,1,2.309,80.4,1
APP_2192,Female,23,SC,121800.0,green_energy,1262000.0,1073000.0,15.0,Primary (1-8),0,0,0,1,1,1.544,30.2,0
APP_2193,Male,29,SC,156000.0,micro_finance,88000.0,79200.0,5.0,No Formal Education,1,3,1,1,1,0.185,98.3,1
APP_2194,Male,30,SC,163700.0,education,1082000.0,974000.0,0.0,Secondary (10th),1,0,1,1,0,1.043,5.0,0
APP_2195,Male,56,SC,128800.0,green_energy,974000.0,925000.0,5.0,Secondary (10th),0,2,1,1,1,1.259,56.8,1
APP_2196,Male,35,SC,178200.0,micro_finance,31100.0,28000.0,2.0,Post Graduate / Professional,1,2,1,1,0,0.057,42.5,0
APP_2197,Male,39,ST,219900.0,education,292000.0,263000.0,0.0,Graduate,1,6,1,1,0,0.21,5.0,0
APP_2198,Female,33,ST,275300.0,sanitation,1666000.0,1583000.0,5.0,Primary (1-8),0,4,1,1,1,1.008,5.1,0
APP_2199,Female,26,SC,363000.0,education,1958000.0,1762000.0,10.0,No Formal Education,0,3,1,1,1,0.851,7.6,0
APP_2200,Male,48,Safai Karamchari / Dependent,182100.0,term_loan,1281000.0,1153000.0,20.0,Secondary (10th),0,1,1,1,1,1.469,65.9,1
APP_2201,Female,29,SC,79100.0,term_loan,2413000.0,2172000.0,5.0,Primary (1-8),0,0,1,1,1,6.37,73.8,1
APP_2202,Male,38,SC,164500.0,education,377000.0,339000.0,10.0,Higher Secondary (12th),0,1,1,1,1,0.361,99.0,1
APP_2203,Male,30,SC,142800.0,green_energy,216000.0,194000.0,10.0,Secondary (10th),0,5,1,1,1,0.238,99.0,1
APP_2204,Female,24,SC,468900.0,green_energy,575000.0,489000.0,15.0,Graduate,1,3,1,1,1,0.183,99.0,1
APP_2205,Male,46,General,272200.0,micro_finance,48800.0,43900.0,10.0,Post Graduate / Professional,1,2,1,1,1,0.059,44.1,0
APP_2206,Male,40,Safai Karamchari / Dependent,60700.0,education,1248000.0,1123000.0,10.0,Primary (1-8),1,1,1,1,1,3.243,69.3,1
APP_2207,Male,35,ST,545000.0,education,1562000.0,1406000.0,5.0,Higher Secondary (12th),0,12,1,0,1,0.452,5.0,0
APP_2208,Male,28,Safai Karamchari / Dependent,139800.0,education,1066000.0,959000.0,10.0,Post Graduate / Professional,1,1,1,1,1,1.203,69.2,1
APP_2209,Male,22,ST,113500.0,sanitation,603000.0,543000.0,10.0,Graduate,1,3,1,1,1,0.839,7.1,0
APP_2210,Male,23,SC,479700.0,micro_finance,67600.0,60800.0,10.0,No Formal Education,1,0,1,1,1,0.046,38.6,0
APP_2211,Female,32,ST,244000.0,green_energy,1214000.0,1032000.0,15.0,Higher Secondary (12th),0,1,1,1,1,0.741,7.8,0
APP_2212,Male,27,ST,234200.0,micro_finance,41300.0,37200.0,2.0,No Formal Education,0,3,1,1,1,0.058,44.8,0
APP_2213,Female,35,Safai Karamchari / Dependent,217800.0,micro_finance,100600.0,90500.0,10.0,Primary (1-8),0,10,1,1,1,0.152,99.0,1
APP_2214,Female,33,SC,76500.0,education,2458000.0,2212000.0,0.0,Graduate,1,3,1,1,1,5.069,64.0,1
APP_2215,Male,18,SC,89100.0,education,1934000.0,1741000.0,10.0,Secondary (10th),1,1,1,1,1,3.425,69.5,1
APP_2216,Female,31,SC,286800.0,micro_finance,107000.0,101600.0,0.0,Post Graduate / Professional,1,0,1,1,1,0.129,99.0,1
APP_2217,Female,26,ST,67100.0,term_loan,3436000.0,3092000.0,20.0,Primary (1-8),0,0,1,1,1,10.69,6.4,0
APP_2218,Male,53,Safai Karamchari / Dependent,298300.0,green_energy,456000.0,388000.0,15.0,Graduate,1,7,1,1,1,0.228,99.0,1
APP_2219,Female,18,SC,60900.0,education,940000.0,846000.0,10.0,Graduate,1,5,1,1,0,2.435,24.6,0
APP_2220,Female,26,Safai Karamchari / Dependent,194700.0,green_energy,307000.0,292000.0,5.0,Secondary (10th),0,2,1,1,1,0.263,99.0,1
APP_2221,Male,32,SC,188900.0,micro_finance,71100.0,64000.0,0.0,Graduate,1,1,1,1,1,0.124,99.0,1
APP_2222,Other,33,SC,295500.0,green_energy,1466000.0,1319000.0,10.0,No Formal Education,1,1,1,1,0,0.782,6.6,0
APP_2223,Female,27,SC,186000.0,education,1531000.0,1378000.0,0.0,Secondary (10th),1,9,1,1,1,1.299,70.9,1
APP_2224,Male,38,SC,71800.0,term_loan,1349000.0,1214000.0,5.0,Graduate,1,6,1,1,1,3.923,74.4,1
APP_2225,Male,33,SC,283400.0,sanitation,693000.0,658000.0,5.0,No Formal Education,1,3,1,1,1,0.407,92.8,1
APP_2226,Female,38,ST,254300.0,sanitation,871000.0,854000.0,2.0,Primary (1-8),0,1,1,1,1,0.589,30.8,0
APP_2227,Female,39,ST,84900.0,term_loan,3277000.0,2949000.0,20.0,Primary (1-8),0,0,1,0,1,8.058,5.0,0
APP_2228,Female,37,SC,270000.0,sanitation,1196000.0,1076000.0,10.0,Higher Secondary (12th),1,3,1,1,1,0.699,62.3,1
APP_2229,Female,35,SC,157100.0,green_energy,948000.0,806000.0,15.0,Primary (1-8),1,2,1,1,1,0.899,77.4,1
APP_2230,Male,27,OBC,105900.0,sanitation,581000.0,569000.0,2.0,Secondary (10th),0,2,1,0,1,0.942,5.0,0
APP_2231,Female,22,SC,77300.0,micro_finance,67400.0,64000.0,2.0,Primary (1-8),1,0,1,1,1,0.302,99.0,1
APP_2232,Female,41,SC,95300.0,micro_finance,97800.0,92900.0,0.0,Graduate,1,1,1,1,1,0.356,99.0,1
APP_2233,Male,31,ST,153400.0,green_energy,404000.0,343000.0,15.0,Graduate,1,0,1,0,1,0.392,34.8,0
APP_2234,Female,37,SC,273300.0,education,224000.0,202000.0,5.0,Secondary (10th),1,3,1,1,1,0.13,99.0,1
APP_2235,Female,44,SC,187100.0,term_loan,2408000.0,2167000.0,15.0,Secondary (10th),1,2,1,1,1,2.687,72.2,1
APP_2236,Female,37,SC,92000.0,green_energy,1204000.0,1023000.0,15.0,Secondary (10th),1,5,0,1,1,1.949,45.5,1
APP_2237,Female,20,SC,83700.0,micro_finance,123400.0,117200.0,5.0,Higher Secondary (12th),1,11,1,1,1,0.511,99.0,1
APP_2238,Female,54,SC,672500.0,education,2151000.0,1936000.0,10.0,Higher Secondary (12th),0,0,1,1,1,0.505,42.4,0
APP_2239,Male,43,SC,192900.0,term_loan,2337000.0,2103000.0,5.0,Secondary (10th),1,0,1,1,1,2.529,71.7,1
APP_2240,Male,35,SC,290600.0,education,1448000.0,1303000.0,5.0,No Formal Education,0,5,1,1,1,0.786,56.9,1
APP_2241,Female,20,Safai Karamchari / Dependent,178400.0,education,1123000.0,1011000.0,10.0,No Formal Education,1,3,1,1,1,0.993,83.7,1
APP_2242,Female,32,SC,329000.0,micro_finance,101700.0,91500.0,10.0,Higher Secondary (12th),1,0,1,1,1,0.102,51.0,0
APP_2243,Male,29,SC,557200.0,micro_finance,126800.0,114100.0,2.0,No Formal Education,0,1,1,1,1,0.075,32.3,0
APP_2244,Male,32,SC,70600.0,sanitation,1409000.0,1268000.0,10.0,Primary (1-8),0,2,1,1,1,3.148,57.2,1
APP_2245,Male,18,ST,180900.0,term_loan,1033000.0,930000.0,15.0,No Formal Education,0,6,0,1,1,1.193,5.0,0
APP_2246,Female,34,SC,65100.0,term_loan,1210000.0,1089000.0,10.0,Graduate,1,0,1,1,1,3.881,64.1,1
APP_2247,Female,35,SC,114200.0,term_loan,668000.0,601000.0,5.0,Higher Secondary (12th),0,2,1,1,1,1.221,64.3,1
APP_2248,Female,35,SC,489500.0,green_energy,160000.0,144000.0,10.0,No Formal Education,1,11,1,1,1,0.052,99.0,1
APP_2249,Female,52,SC,115000.0,term_loan,3279000.0,2951000.0,15.0,Higher Secondary (12th),0,0,0,1,1,5.953,31.0,0
APP_2250,Male,29,ST,654600.0,sanitation,399000.0,359000.0,10.0,Secondary (10th),0,0,0,1,1,0.096,5.0,0
APP_2251,Female,19,SC,236000.0,green_energy,1192000.0,1132000.0,5.0,Primary (1-8),1,1,1,1,1,0.841,70.6,1
APP_2252,Female,42,SC,391900.0,sanitation,1431000.0,1402000.0,2.0,Secondary (10th),1,0,1,1,1,0.627,5.0,0
APP_2253,Male,23,SC,90300.0,micro_finance,129000.0,116100.0,0.0,Primary (1-8),0,2,1,1,1,0.469,93.9,1
APP_2254,Male,30,Safai Karamchari / Dependent,177700.0,education,2108000.0,1897000.0,0.0,Graduate,1,1,1,1,1,1.871,64.7,1
APP_2255,Female,34,SC,242400.0,micro_finance,75300.0,71500.0,5.0,Post Graduate / Professional,1,4,1,1,1,0.108,99.0,1
APP_2256,Male,25,Safai Karamchari / Dependent,99600.0,micro_finance,109100.0,98200.0,0.0,No Formal Education,1,0,0,1,1,0.36,62.0,1
APP_2257,Male,39,SC,292500.0,sanitation,149000.0,146000.0,2.0,Post Graduate / Professional,1,2,1,1,1,0.088,99.0,1
APP_2258,Male,41,SC,255100.0,education,1533000.0,1380000.0,10.0,Secondary (10th),1,0,1,1,1,0.948,61.8,1
APP_2259,Male,25,Safai Karamchari / Dependent,172500.0,education,1307000.0,1176000.0,5.0,No Formal Education,0,5,1,1,1,1.195,61.4,1
APP_2260,Male,34,SC,126000.0,education,443000.0,399000.0,5.0,Secondary (10th),1,0,1,1,1,0.555,92.3,1
APP_2261,Female,20,SC,100900.0,education,1476000.0,1328000.0,10.0,No Formal Education,0,13,1,1,1,2.307,59.5,1
APP_2262,Male,38,SC,145200.0,green_energy,1498000.0,1273000.0,15.0,Higher Secondary (12th),0,1,1,1,1,1.537,52.3,1
APP_2263,Female,29,SC,154000.0,micro_finance,120200.0,114200.0,0.0,Graduate,1,3,1,1,1,0.271,99.0,1
APP_2264,Male,37,SC,399600.0,term_loan,896000.0,806000.0,10.0,Secondary (10th),1,7,1,1,1,0.468,99.0,1
APP_2265,Male,35,SC,197100.0,green_energy,1054000.0,896000.0,15.0,Secondary (10th),1,0,1,1,1,0.797,60.2,1
APP_2266,Female,45,Safai Karamchari / Dependent,111300.0,term_loan,1342000.0,1208000.0,15.0,No Formal Education,0,1,1,1,0,2.518,5.0,0
APP_2267,Female,35,OBC,129700.0,green_energy,1329000.0,1263000.0,5.0,Secondary (10th),1,0,1,1,1,1.707,10.0,0
APP_2268,Female,25,ST,220500.0,education,1217000.0,1095000.0,5.0,Secondary (10th),1,0,1,1,1,0.871,18.1,0
APP_2269,Male,46,SC,86200.0,sanitation,559000.0,503000.0,10.0,Secondary (10th),1,2,0,1,0,1.023,5.0,0
APP_2270,Male,18,SC,141600.0,green_energy,541000.0,460000.0,15.0,No Formal Education,0,3,1,1,1,0.569,84.7,1
APP_2271,Female,23,SC,272000.0,education,376000.0,338000.0,10.0,Primary (1-8),1,2,1,1,1,0.218,99.0,1
APP_2272,Female,52,ST,71600.0,sanitation,1954000.0,1915000.0,2.0,Secondary (10th),0,0,1,1,1,4.689,6.0,0
APP_2273,Other,44,SC,68300.0,education,266000.0,239000.0,0.0,Graduate,1,2,1,1,1,0.613,58.9,1
APP_2274,Female,41,OBC,611600.0,green_energy,1122000.0,954000.0,15.0,Graduate,1,2,1,0,0,0.273,5.0,0
APP_2275,Male,39,SC,191900.0,micro_finance,120500.0,108400.0,0.0,Primary (1-8),1,3,1,1,1,0.206,99.0,1
APP_2276,Male,23,SC,663200.0,education,2298000.0,2068000.0,10.0,Higher Secondary (12th),1,1,1,1,1,0.547,36.8,0
APP_2277,Female,50,SC,186200.0,micro_finance,112600.0,107000.0,5.0,Primary (1-8),1,2,1,1,1,0.21,99.0,1
APP_2278,Male,18,Safai Karamchari / Dependent,100900.0,micro_finance,106800.0,96100.0,2.0,Higher Secondary (12th),0,4,1,1,1,0.348,99.0,1
APP_2279,Female,34,SC,239000.0,green_energy,1136000.0,1079000.0,5.0,Secondary (10th),0,9,1,1,1,0.791,66.2,1
APP_2280,Female,32,OBC,291900.0,education,1880000.0,1692000.0,10.0,Higher Secondary (12th),1,0,1,1,1,1.016,5.0,0
APP_2281,Male,41,ST,272400.0,micro_finance,63400.0,57100.0,10.0,Graduate,1,1,1,1,1,0.077,52.6,0
APP_2282,Female,42,OBC,288700.0,green_energy,1186000.0,1067000.0,10.0,Graduate,1,0,1,1,1,0.648,10.3,0
APP_2283,Female,42,SC,243100.0,sanitation,1324000.0,1298000.0,2.0,Higher Secondary (12th),0,3,1,1,0,0.936,8.9,0
APP_2284,Female,31,ST,186700.0,micro_finance,73700.0,70000.0,2.0,Secondary (10th),1,4,1,0,1,0.137,56.6,0
APP_2285,Female,35,SC,149800.0,sanitation,1475000.0,1446000.0,2.0,Primary (1-8),1,0,1,1,1,1.692,69.1,1
APP_2286,Female,26,SC,252800.0,sanitation,643000.0,630000.0,2.0,Graduate,1,0,1,1,1,0.437,91.8,1
APP_2287,Male,38,Safai Karamchari / Dependent,210200.0,green_energy,1185000.0,1007000.0,15.0,Graduate,1,3,1,1,1,0.84,65.8,1
APP_2288,Male,51,SC,265000.0,sanitation,270000.0,243000.0,10.0,Primary (1-8),0,0,1,1,0,0.161,33.9,0
APP_2289,Female,20,SC,245400.0,term_loan,3566000.0,3209000.0,10.0,Post Graduate / Professional,1,1,1,1,1,3.034,70.5,1
APP_2290,Female,45,SC,461700.0,term_loan,2305000.0,2074000.0,5.0,Secondary (10th),0,0,0,1,1,1.042,26.0,0
APP_2291,Female,46,SC,556800.0,micro_finance,40900.0,38900.0,2.0,Secondary (10th),0,5,1,1,1,0.026,53.9,0
APP_2292,Male,54,SC,508100.0,sanitation,1349000.0,1214000.0,10.0,Higher Secondary (12th),0,3,0,1,1,0.419,5.0,0
APP_2293,Male,38,SC,226800.0,green_energy,974000.0,877000.0,10.0,No Formal Education,0,20,1,1,1,0.678,61.0,1
APP_2294,Male,25,SC,248100.0,sanitation,827000.0,786000.0,5.0,Secondary (10th),0,7,0,1,1,0.555,60.0,1
APP_2295,Female,31,Safai Karamchari / Dependent,606600.0,green_energy,1240000.0,1116000.0,10.0,Secondary (10th),0,0,1,1,1,0.323,58.3,0
APP_2296,Female,52,SC,245600.0,education,2136000.0,1922000.0,5.0,Higher Secondary (12th),1,0,1,1,1,1.372,70.0,1
APP_2297,Female,41,SC,204100.0,term_loan,3643000.0,3279000.0,20.0,No Formal Education,1,1,1,1,1,3.727,73.9,1
APP_2298,Female,21,SC,257700.0,micro_finance,118800.0,112900.0,0.0,No Formal Education,1,13,1,1,1,0.16,99.0,1
APP_2299,Male,39,SC,73000.0,education,1067000.0,960000.0,0.0,Graduate,1,1,1,1,1,2.305,57.9,1
APP_2300,Female,40,SC,124800.0,term_loan,3599000.0,3239000.0,20.0,Secondary (10th),1,4,1,1,1,6.021,78.7,1
APP_2301,Male,33,Safai Karamchari / Dependent,91200.0,term_loan,678000.0,610000.0,5.0,Secondary (10th),1,0,1,1,1,1.552,72.1,1
APP_2302,Male,44,General,283800.0,green_energy,240000.0,216000.0,10.0,No Formal Education,0,2,1,1,0,0.133,5.0,0
APP_2303,Female,34,SC,681700.0,term_loan,1360000.0,1224000.0,10.0,Primary (1-8),0,1,1,1,1,0.417,30.7,0
APP_2304,Female,51,Safai Karamchari / Dependent,365700.0,green_energy,287000.0,244000.0,15.0,Primary (1-8),1,4,1,1,1,0.117,99.0,1
APP_2305,Female,29,SC,142800.0,education,373000.0,336000.0,0.0,Secondary (10th),0,1,1,1,1,0.412,80.9,1
APP_2306,Male,39,SC,154900.0,term_loan,2115000.0,1904000.0,5.0,Secondary (10th),1,8,1,1,1,2.852,63.8,1
APP_2307,Female,46,SC,662000.0,micro_finance,108900.0,98000.0,10.0,Higher Secondary (12th),1,7,1,1,1,0.054,56.5,0
APP_2308,Male,30,ST,258600.0,micro_finance,32300.0,29100.0,2.0,Primary (1-8),0,10,1,1,1,0.041,36.9,0
APP_2309,Male,20,SC,241900.0,green_energy,1320000.0,1254000.0,5.0,Graduate,1,0,1,1,1,0.909,56.2,1
APP_2310,Female,25,SC,167900.0,education,1868000.0,1681000.0,5.0,Higher Secondary (12th),0,1,1,1,1,1.755,62.8,1
APP_2311,Female,42,Safai Karamchari / Dependent,285200.0,micro_finance,48300.0,43500.0,10.0,Secondary (10th),0,7,1,1,1,0.056,99.0,1
APP_2312,Male,41,SC,103300.0,green_energy,999000.0,899000.0,10.0,Higher Secondary (12th),1,6,1,1,1,1.526,64.8,1
APP_2313,Male,28,SC,123600.0,education,1458000.0,1312000.0,10.0,No Formal Education,0,4,0,1,1,1.861,27.1,0
APP_2314,Male,35,OBC,289200.0,education,1429000.0,1286000.0,10.0,Higher Secondary (12th),1,1,1,1,1,0.78,5.0,0
APP_2315,Male,53,OBC,280500.0,sanitation,1717000.0,1683000.0,2.0,Post Graduate / Professional,1,2,1,0,1,1.052,5.0,0
APP_2316,Male,30,SC,559300.0,sanitation,666000.0,599000.0,10.0,Secondary (10th),0,5,1,1,1,0.188,41.4,0
APP_2317,Female,32,SC,291000.0,education,1898000.0,1708000.0,0.0,Higher Secondary (12th),0,3,1,1,1,1.029,64.7,1
APP_2318,Female,40,SC,293300.0,green_energy,402000.0,342000.0,15.0,Secondary (10th),1,10,1,1,1,0.204,99.0,1
APP_2319,Male,41,SC,96000.0,green_energy,992000.0,893000.0,10.0,Secondary (10th),0,0,1,1,1,1.631,52.9,1
APP_2320,Female,43,General,214400.0,sanitation,705000.0,634000.0,10.0,No Formal Education,0,3,1,1,1,0.518,42.4,0
APP_2321,Male,38,SC,602200.0,education,1024000.0,922000.0,10.0,Higher Secondary (12th),0,0,1,1,1,0.268,38.2,0
APP_2322,Male,34,SC,264600.0,education,729000.0,656000.0,0.0,Graduate,1,2,1,1,1,0.435,91.2,1
APP_2323,Female,30,SC,91900.0,sanitation,1112000.0,1001000.0,10.0,Graduate,1,0,1,1,0,1.909,20.2,0
APP_2324,Male,35,ST,436100.0,sanitation,412000.0,404000.0,2.0,Higher Secondary (12th),0,0,1,1,1,0.162,5.0,0
APP_2325,Female,34,OBC,292500.0,green_energy,382000.0,325000.0,15.0,Primary (1-8),0,3,1,1,1,0.195,57.0,0
APP_2326,Female,45,General,194400.0,micro_finance,66900.0,63600.0,5.0,No Formal Education,0,6,1,0,0,0.119,5.0,0
APP_2327,Female,28,SC,245500.0,sanitation,646000.0,614000.0,5.0,Primary (1-8),1,6,1,1,1,0.438,99.0,1
APP_2328,Male,44,SC,279300.0,sanitation,1238000.0,1213000.0,2.0,No Formal Education,0,1,1,1,1,0.761,55.3,1
APP_2329,Female,37,SC,81200.0,micro_finance,55200.0,52400.0,0.0,Secondary (10th),1,0,1,1,1,0.236,99.0,1
APP_2330,Male,42,SC,185900.0,term_loan,1067000.0,960000.0,20.0,Secondary (10th),1,0,1,1,0,1.198,5.9,0
APP_2331,Male,34,SC,288100.0,term_loan,3201000.0,2881000.0,5.0,Higher Secondary (12th),1,3,1,1,0,2.32,12.9,0
APP_2332,Male,25,SC,260400.0,sanitation,1540000.0,1509000.0,2.0,Primary (1-8),1,9,1,1,1,1.016,57.8,1
APP_2333,Female,42,ST,523000.0,education,2289000.0,2060000.0,5.0,Secondary (10th),0,1,1,1,1,0.69,5.0,0
APP_2334,Male,37,SC,355300.0,green_energy,1103000.0,938000.0,15.0,Secondary (10th),0,1,1,1,1,0.463,85.2,1
APP_2335,Female,21,SC,615000.0,sanitation,1699000.0,1614000.0,5.0,Primary (1-8),1,2,0,1,0,0.46,8.7,0
APP_2336,Other,43,SC,302500.0,green_energy,203000.0,193000.0,5.0,Graduate,1,2,1,1,1,0.112,99.0,1
APP_2337,Female,23,ST,630800.0,term_loan,3227000.0,2904000.0,15.0,No Formal Education,1,14,1,1,1,1.068,5.0,0
APP_2338,Male,32,SC,132800.0,green_energy,1299000.0,1104000.0,15.0,Higher Secondary (12th),1,3,1,1,1,1.457,66.5,1
APP_2339,Female,20,ST,232600.0,term_loan,1277000.0,1149000.0,20.0,Primary (1-8),1,1,1,1,1,1.146,18.7,0
APP_2340,Male,28,SC,327800.0,term_loan,991000.0,892000.0,10.0,Higher Secondary (12th),0,6,1,1,1,0.631,62.9,1
APP_2341,Female,25,SC,61700.0,term_loan,1324000.0,1192000.0,5.0,No Formal Education,0,2,0,1,1,4.482,42.1,0
APP_2342,Female,41,Safai Karamchari / Dependent,65800.0,green_energy,373000.0,336000.0,10.0,Secondary (10th),0,2,1,1,1,0.895,71.9,1
APP_2343,Male,42,SC,147200.0,education,1599000.0,1439000.0,5.0,Primary (1-8),1,19,1,1,1,1.714,58.6,1
APP_2344,Male,41,Safai Karamchari / Dependent,168900.0,micro_finance,128000.0,115200.0,2.0,Higher Secondary (12th),1,1,1,1,1,0.249,99.0,1
APP_2345,Male,21,SC,111600.0,micro_finance,73100.0,65800.0,2.0,Graduate,1,0,0,1,1,0.215,60.0,1
APP_2346,Female,27,SC,663900.0,education,598000.0,538000.0,5.0,Graduate,1,0,1,1,1,0.142,57.6,0
APP_2347,Female,35,SC,94500.0,sanitation,1804000.0,1714000.0,5.0,Higher Secondary (12th),0,9,1,1,1,3.18,66.6,1
APP_2348,Female,25,OBC,89300.0,term_loan,2940000.0,2646000.0,20.0,Higher Secondary (12th),0,2,1,0,1,6.874,7.1,0
APP_2349,Male,22,SC,254600.0,micro_finance,113000.0,101700.0,0.0,Primary (1-8),0,3,1,1,1,0.146,87.6,1
APP_2350,Male,28,SC,139500.0,term_loan,2717000.0,2445000.0,20.0,Higher Secondary (12th),0,0,1,1,1,4.066,56.6,1
APP_2351,Female,33,OBC,507600.0,education,396000.0,356000.0,0.0,Graduate,1,5,1,1,1,0.123,5.0,0
APP_2352,Male,27,SC,406100.0,micro_finance,86500.0,77800.0,10.0,Secondary (10th),0,3,1,1,1,0.07,35.2,0
APP_2353,Male,44,SC,188400.0,education,2317000.0,2085000.0,0.0,Primary (1-8),1,7,1,1,1,1.94,62.1,1
APP_2354,Male,36,SC,75900.0,sanitation,1687000.0,1653000.0,2.0,Post Graduate / Professional,1,2,1,1,1,3.818,61.9,1
APP_2355,Male,36,SC,676700.0,term_loan,3035000.0,2732000.0,5.0,No Formal Education,1,16,1,1,1,0.937,5.0,0
APP_2356,Male,25,SC,159700.0,micro_finance,76400.0,68800.0,2.0,Higher Secondary (12th),0,0,1,1,1,0.157,96.5,1
APP_2357,Male,21,SC,268000.0,term_loan,3707000.0,3336000.0,20.0,Secondary (10th),0,5,1,1,1,2.888,57.4,1
APP_2358,Female,43,SC,279200.0,micro_finance,25000.0,23800.0,0.0,Secondary (10th),0,0,1,1,1,0.031,95.5,1
APP_2359,Female,24,SC,68900.0,term_loan,2352000.0,2117000.0,20.0,Secondary (10th),1,0,1,1,1,7.128,66.1,1
APP_2360,Male,18,SC,127700.0,education,323000.0,291000.0,5.0,No Formal Education,0,1,1,1,1,0.399,97.4,1
APP_2361,Male,42,SC,203100.0,micro_finance,65100.0,58600.0,0.0,Graduate,1,8,1,1,0,0.105,45.5,1
APP_2362,Male,18,SC,217200.0,green_energy,1237000.0,1175000.0,5.0,Higher Secondary (12th),0,0,1,1,1,0.948,54.6,1
APP_2363,Male,24,SC,94100.0,micro_finance,42900.0,38600.0,5.0,Secondary (10th),0,1,1,1,1,0.15,89.7,1
APP_2364,Female,38,SC,97500.0,micro_finance,36900.0,33200.0,10.0,Graduate,1,0,1,1,1,0.124,99.0,1
APP_2365,Female,25,SC,166300.0,green_energy,1124000.0,1068000.0,5.0,Secondary (10th),0,0,1,1,1,1.126,64.6,1
APP_2366,Male,35,OBC,136700.0,education,2386000.0,2147000.0,0.0,Graduate,1,0,1,1,1,2.753,5.0,0
APP_2367,Female,32,SC,147200.0,education,2270000.0,2043000.0,5.0,Secondary (10th),0,6,1,1,1,2.433,69.1,1
APP_2368,Female,34,SC,299500.0,sanitation,807000.0,767000.0,5.0,Graduate,1,5,1,1,1,0.449,99.0,1
APP_2369,Female,28,SC,74300.0,education,367000.0,330000.0,10.0,Primary (1-8),1,1,1,1,1,0.779,65.5,1
APP_2370,Female,21,SC,81600.0,term_loan,773000.0,696000.0,5.0,Secondary (10th),0,2,1,1,1,1.979,60.0,1
APP_2371,Male,38,ST,142300.0,term_loan,384000.0,346000.0,5.0,Primary (1-8),1,0,1,1,1,0.564,27.7,0
APP_2372,Female,34,OBC,129100.0,term_loan,3884000.0,3496000.0,15.0,Secondary (10th),1,5,1,1,1,6.282,5.2,0
APP_2373,Male,41,SC,186700.0,micro_finance,62600.0,56300.0,10.0,Higher Secondary (12th),0,0,1,1,1,0.11,99.0,1
APP_2374,Female,26,SC,380100.0,education,1054000.0,949000.0,5.0,Graduate,1,1,0,1,1,0.438,10.5,0
APP_2375,Male,29,SC,227900.0,education,1230000.0,1107000.0,0.0,No Formal Education,1,1,1,1,0,0.852,5.0,0
APP_2376,Female,30,SC,167300.0,sanitation,1023000.0,972000.0,5.0,Primary (1-8),1,0,1,1,1,1.018,69.4,1
APP_2377,Male,39,SC,195100.0,sanitation,1430000.0,1287000.0,10.0,Higher Secondary (12th),1,0,1,1,0,1.156,6.3,0
APP_2378,Female,30,SC,206100.0,micro_finance,24500.0,23300.0,5.0,Higher Secondary (12th),0,13,1,1,1,0.041,99.0,1
APP_2379,Other,45,SC,107700.0,sanitation,1222000.0,1100000.0,10.0,Primary (1-8),0,1,1,1,1,1.79,52.2,1
APP_2380,Male,23,SC,288600.0,green_energy,805000.0,684000.0,15.0,Primary (1-8),1,0,1,1,1,0.415,94.4,1
APP_2381,Male,36,SC,278900.0,sanitation,1992000.0,1892000.0,5.0,Graduate,1,5,1,1,1,1.189,71.3,1
APP_2382,Female,32,SC,256800.0,term_loan,2231000.0,2008000.0,10.0,Primary (1-8),0,1,1,1,1,1.814,60.4,1
APP_2383,Female,21,OBC,677500.0,education,2014000.0,1813000.0,0.0,Secondary (10th),0,0,1,1,1,0.469,5.0,0
APP_2384,Female,45,SC,294200.0,sanitation,1929000.0,1736000.0,10.0,Graduate,1,1,1,1,1,1.034,71.9,1
APP_2385,Male,31,ST,671200.0,micro_finance,127300.0,114600.0,5.0,Secondary (10th),1,0,1,0,1,0.062,5.0,0
APP_2386,Male,42,ST,165700.0,sanitation,1063000.0,1010000.0,5.0,Graduate,1,3,1,1,1,1.069,5.0,0
APP_2387,Female,25,SC,262200.0,green_energy,1287000.0,1158000.0,10.0,Secondary (10th),1,6,1,1,1,0.774,82.0,1
APP_2388,Male,32,SC,124900.0,term_loan,787000.0,708000.0,20.0,Secondary (10th),0,5,1,1,1,1.315,52.8,1
APP_2389,Male,31,SC,145100.0,green_energy,1113000.0,1002000.0,10.0,Graduate,1,4,1,1,1,1.211,71.0,1
APP_2390,Male,30,SC,128200.0,green_energy,1357000.0,1153000.0,15.0,Secondary (10th),1,3,1,1,1,1.577,66.2,1
APP_2391,Male,28,ST,213900.0,green_energy,395000.0,336000.0,15.0,No Formal Education,0,0,1,1,1,0.275,28.1,0
APP_2392,Female,29,SC,206800.0,green_energy,185000.0,166000.0,10.0,Secondary (10th),1,0,1,1,1,0.141,99.0,1
APP_2393,Female,24,General,242400.0,green_energy,1264000.0,1138000.0,10.0,Primary (1-8),0,1,1,0,0,0.823,5.0,0
APP_2394,Female,36,SC,114700.0,term_loan,308000.0,277000.0,20.0,Primary (1-8),1,7,1,1,1,0.56,99.0,1
APP_2395,Female,47,SC,81400.0,sanitation,240000.0,235000.0,2.0,Secondary (10th),0,0,1,1,1,0.506,99.0,1
APP_2396,Male,24,SC,109100.0,sanitation,874000.0,857000.0,2.0,Primary (1-8),0,4,0,1,0,1.377,5.0,0
APP_2397,Male,37,SC,156100.0,micro_finance,113600.0,102200.0,0.0,Graduate,1,4,0,1,1,0.239,66.3,1
APP_2398,Female,42,SC,67600.0,education,548000.0,493000.0,5.0,Primary (1-8),0,0,1,1,1,1.278,64.2,1
APP_2399,Male,31,OBC,183800.0,green_energy,1095000.0,931000.0,15.0,Secondary (10th),0,0,1,1,0,0.888,5.0,0
APP_2400,Male,36,SC,83300.0,micro_finance,29600.0,26600.0,5.0,Secondary (10th),0,1,1,1,1,0.117,95.9,1
APP_2401,Male,36,SC,518400.0,term_loan,2523000.0,2271000.0,10.0,Higher Secondary (12th),0,2,1,1,1,1.016,5.0,0
APP_2402,Female,18,SC,336100.0,sanitation,747000.0,710000.0,5.0,Post Graduate / Professional,1,8,1,1,1,0.37,59.2,0
APP_2403,Male,47,SC,174700.0,sanitation,787000.0,708000.0,10.0,Graduate,1,5,1,1,1,0.71,69.0,1
APP_2404,Male,26,SC,189100.0,green_energy,1191000.0,1072000.0,10.0,Primary (1-8),1,6,1,1,1,0.994,57.5,1
APP_2405,Male,44,SC,151000.0,sanitation,115000.0,113000.0,2.0,Secondary (10th),0,9,1,1,1,0.131,92.2,1
APP_2406,Female,46,SC,699500.0,sanitation,1397000.0,1327000.0,5.0,Higher Secondary (12th),0,5,1,1,1,0.333,56.6,0
APP_2407,Female,31,SC,256800.0,micro_finance,131800.0,125000.0,5.0,Secondary (10th),1,0,1,1,1,0.178,99.0,1
APP_2408,Female,49,OBC,291500.0,sanitation,465000.0,418000.0,10.0,Graduate,1,2,1,0,1,0.251,50.3,0
APP_2409,Male,27,Safai Karamchari / Dependent,373700.0,green_energy,715000.0,608000.0,15.0,Primary (1-8),1,3,1,1,1,0.285,99.0,1
APP_2410,Female,39,OBC,265300.0,micro_finance,34200.0,32500.0,2.0,Primary (1-8),0,2,1,1,1,0.045,39.3,0
APP_2411,Female,28,SC,76200.0,green_energy,187000.0,178000.0,5.0,Primary (1-8),0,4,1,1,0,0.409,38.3,0
APP_2412,Male,20,SC,213500.0,sanitation,1987000.0,1947000.0,2.0,Higher Secondary (12th),0,11,1,1,1,1.599,54.5,1
APP_2413,Male,26,SC,107000.0,green_energy,257000.0,218000.0,15.0,Secondary (10th),0,7,1,1,1,0.357,87.1,1
APP_2414,Female,50,General,123100.0,education,477000.0,429000.0,5.0,No Formal Education,0,1,0,1,1,0.611,5.0,0
APP_2415,Male,24,ST,163200.0,term_loan,2831000.0,2548000.0,20.0,Graduate,1,0,1,1,1,3.622,5.0,0
APP_2416,Female,42,SC,134300.0,term_loan,625000.0,562000.0,10.0,Secondary (10th),0,2,1,1,0,0.971,15.3,0
APP_2417,Female,38,OBC,216700.0,micro_finance,54200.0,48800.0,10.0,Secondary (10th),1,3,1,0,1,0.082,51.4,0
APP_2418,Female,41,Safai Karamchari / Dependent,244700.0,term_loan,2517000.0,2265000.0,20.0,Higher Secondary (12th),0,12,1,1,1,2.147,79.8,1
APP_2419,Male,18,SC,214000.0,green_energy,1152000.0,1037000.0,10.0,Primary (1-8),1,3,1,1,1,0.849,71.3,1
APP_2420,Male,30,SC,190300.0,micro_finance,116100.0,104500.0,0.0,Higher Secondary (12th),1,5,1,1,1,0.2,98.1,1
APP_2421,Female,19,SC,115100.0,term_loan,2919000.0,2627000.0,10.0,Primary (1-8),0,2,1,1,1,5.295,75.5,1
APP_2422,Male,30,ST,237700.0,micro_finance,81800.0,73600.0,10.0,Secondary (10th),0,7,1,1,1,0.113,44.6,0
APP_2423,Female,34,SC,146300.0,term_loan,1158000.0,1042000.0,5.0,Graduate,1,6,1,1,1,1.652,74.3,1
APP_2424,Male,31,SC,85700.0,sanitation,1319000.0,1187000.0,10.0,Higher Secondary (12th),0,0,1,1,1,2.428,48.6,1
APP_2425,Male,36,OBC,121300.0,term_loan,2225000.0,2002000.0,20.0,Graduate,1,3,1,1,1,3.829,16.2,0
APP_2426,Male,28,Safai Karamchari / Dependent,133500.0,term_loan,3943000.0,3549000.0,20.0,Secondary (10th),1,0,1,1,1,6.167,66.9,1
APP_2427,Female,39,SC,266800.0,term_loan,3948000.0,3553000.0,20.0,Higher Secondary (12th),1,6,1,1,1,3.089,65.6,1
APP_2428,Male,27,SC,196300.0,term_loan,547000.0,492000.0,5.0,Post Graduate / Professional,1,10,1,1,1,0.581,99.0,1
APP_2429,Female,36,SC,669700.0,sanitation,1452000.0,1307000.0,10.0,Graduate,1,2,1,1,1,0.342,60.8,0
APP_2430,Female,28,SC,185300.0,term_loan,1926000.0,1733000.0,20.0,Primary (1-8),0,1,1,1,1,2.17,64.8,1
APP_2431,Male,56,SC,89200.0,sanitation,1141000.0,1084000.0,5.0,Primary (1-8),1,3,1,1,1,2.13,73.3,1
APP_2432,Female,30,SC,286400.0,sanitation,1220000.0,1196000.0,2.0,Higher Secondary (12th),1,3,1,1,1,0.732,64.5,1
APP_2433,Female,34,SC,535500.0,term_loan,3353000.0,3018000.0,5.0,No Formal Education,1,3,1,1,1,1.307,20.6,0
APP_2434,Male,39,SC,126900.0,green_energy,595000.0,506000.0,15.0,Secondary (10th),0,3,1,1,1,0.699,54.8,1
APP_2435,Female,31,ST,124500.0,green_energy,250000.0,212000.0,15.0,Secondary (10th),1,2,1,1,1,0.299,67.5,0
APP_2436,Other,36,SC,137700.0,term_loan,1685000.0,1516000.0,15.0,Higher Secondary (12th),0,0,1,1,1,2.554,44.6,0
APP_2437,Female,29,SC,93800.0,term_loan,2207000.0,1986000.0,20.0,Primary (1-8),0,0,1,1,1,4.912,65.5,1
APP_2438,Male,51,ST,173400.0,sanitation,1991000.0,1792000.0,10.0,Higher Secondary (12th),0,2,1,1,1,1.812,5.0,0
APP_2439,Female,37,SC,169100.0,green_energy,659000.0,560000.0,15.0,Secondary (10th),1,1,0,1,1,0.581,56.5,1
APP_2440,Female,18,OBC,194200.0,education,2192000.0,1973000.0,5.0,No Formal Education,0,4,1,1,0,1.781,5.0,0
APP_2441,Female,33,SC,170600.0,sanitation,738000.0,701000.0,5.0,Post Graduate / Professional,1,1,1,1,1,0.72,67.3,1
APP_2442,Male,48,SC,77900.0,term_loan,2236000.0,2012000.0,10.0,Primary (1-8),0,2,1,1,1,5.992,61.8,1
APP_2443,Female,55,SC,182900.0,term_loan,437000.0,393000.0,5.0,Graduate,1,0,0,1,1,0.498,66.9,1
APP_2444,Male,18,SC,223400.0,education,982000.0,884000.0,0.0,Secondary (10th),0,0,1,1,1,0.694,46.9,1
APP_2445,Male,27,SC,285100.0,education,200000.0,180000.0,10.0,Secondary (10th),0,2,0,1,0,0.111,7.0,0
APP_2446,Female,25,Safai Karamchari / Dependent,267500.0,green_energy,1489000.0,1266000.0,15.0,Primary (1-8),0,0,1,1,1,0.83,72.0,1
APP_2447,Female,44,SC,279000.0,micro_finance,82000.0,77900.0,2.0,Higher Secondary (12th),0,1,1,1,1,0.102,96.9,1
APP_2448,Male,29,SC,609000.0,green_energy,158000.0,150000.0,5.0,No Formal Education,1,2,1,1,0,0.043,51.6,0
APP_2449,Female,49,SC,102700.0,micro_finance,75700.0,71900.0,0.0,Post Graduate / Professional,1,1,1,1,1,0.256,99.0,1
APP_2450,Male,27,SC,250500.0,micro_finance,26400.0,23800.0,2.0,Primary (1-8),1,1,1,1,1,0.035,95.4,1
APP_2451,Female,35,SC,632000.0,micro_finance,98400.0,93500.0,5.0,Secondary (10th),1,11,1,1,1,0.054,58.4,0
APP_2452,Male,48,SC,111200.0,sanitation,1729000.0,1643000.0,5.0,Primary (1-8),1,1,0,1,1,2.59,31.0,0
APP_2453,Male,27,Safai Karamchari / Dependent,93900.0,micro_finance,76900.0,69200.0,5.0,Graduate,1,2,0,1,1,0.269,90.7,1
APP_2454,Female,26,SC,219400.0,education,1056000.0,950000.0,10.0,Primary (1-8),0,1,1,1,1,0.759,67.8,1
APP_2455,Female,41,Safai Karamchari / Dependent,141000.0,green_energy,1390000.0,1251000.0,10.0,Secondary (10th),0,3,1,1,1,1.555,75.8,1
APP_2456,Female,19,SC,232300.0,green_energy,489000.0,440000.0,10.0,Graduate,1,1,1,1,1,0.332,99.0,1
APP_2457,Female,35,SC,140200.0,education,1158000.0,1042000.0,5.0,Graduate,1,2,1,1,1,1.303,80.7,1
APP_2458,Female,33,SC,103900.0,micro_finance,119000.0,113000.0,0.0,Secondary (10th),1,3,1,1,1,0.397,99.0,1
APP_2459,Male,36,SC,273500.0,education,321000.0,289000.0,0.0,Post Graduate / Professional,1,9,1,1,1,0.185,99.0,1
APP_2460,Female,24,Safai Karamchari / Dependent,166800.0,micro_finance,66700.0,63400.0,2.0,Primary (1-8),1,3,1,1,1,0.139,99.0,1
APP_2461,Male,29,SC,60200.0,education,280000.0,252000.0,0.0,Primary (1-8),0,7,1,1,1,0.734,62.1,1
APP_2462,Female,40,ST,227900.0,micro_finance,26100.0,24800.0,5.0,Primary (1-8),1,3,1,1,1,0.04,56.4,0
APP_2463,Female,30,SC,67700.0,sanitation,637000.0,605000.0,5.0,No Formal Education,0,0,1,1,1,1.567,59.2,1
APP_2464,Male,35,Safai Karamchari / Dependent,147900.0,micro_finance,23400.0,21100.0,2.0,Higher Secondary (12th),0,3,1,1,1,0.052,99.0,1
APP_2465,Male,25,Safai Karamchari / Dependent,225600.0,term_loan,2379000.0,2141000.0,5.0,Primary (1-8),1,4,1,1,1,2.202,72.1,1
APP_2466,Male,20,Safai Karamchari / Dependent,190300.0,sanitation,1291000.0,1265000.0,2.0,Post Graduate / Professional,1,3,1,1,1,1.165,69.3,1
APP_2467,Female,33,Safai Karamchari / Dependent,149700.0,sanitation,1177000.0,1153000.0,2.0,No Formal Education,1,2,1,1,1,1.35,76.8,1
APP_2468,Female,30,SC,286300.0,sanitation,1827000.0,1644000.0,10.0,No Formal Education,0,0,1,1,1,1.007,61.5,1
APP_2469,Other,30,SC,90100.0,term_loan,3576000.0,3218000.0,10.0,Higher Secondary (12th),0,2,1,1,0,8.286,12.4,0
APP_2470,Male,45,SC,170000.0,education,1916000.0,1724000.0,0.0,Secondary (10th),1,7,1,1,1,1.778,60.9,1
APP_2471,Female,34,SC,275700.0,green_energy,398000.0,378000.0,5.0,Secondary (10th),1,8,1,1,1,0.24,99.0,1
APP_2472,Male,44,SC,133900.0,sanitation,1726000.0,1691000.0,2.0,No Formal Education,0,0,1,1,1,2.214,48.1,1
APP_2473,Female,35,SC,189800.0,micro_finance,129600.0,123100.0,5.0,Primary (1-8),1,1,0,1,1,0.237,77.1,1
APP_2474,Male,32,SC,275100.0,term_loan,1438000.0,1294000.0,20.0,Secondary (10th),0,1,1,1,1,1.091,56.1,1
APP_2475,Male,43,ST,202400.0,education,1517000.0,1365000.0,5.0,Secondary (10th),1,9,1,0,1,1.182,10.9,0
APP_2476,Male,39,ST,148800.0,term_loan,2155000.0,1940000.0,5.0,Primary (1-8),0,4,0,1,1,3.025,5.0,0
APP_2477,Female,32,Safai Karamchari / Dependent,114200.0,green_energy,1165000.0,1107000.0,5.0,Primary (1-8),0,1,0,1,1,1.699,32.9,0
APP_2478,Female,46,ST,89900.0,term_loan,2355000.0,2120000.0,20.0,Higher Secondary (12th),0,13,1,1,1,5.471,12.4,0
APP_2479,Female,44,SC,192100.0,sanitation,1488000.0,1414000.0,5.0,Secondary (10th),0,1,0,1,1,1.29,25.5,0
APP_2480,Male,32,SC,298200.0,green_energy,609000.0,579000.0,5.0,Secondary (10th),0,10,1,1,1,0.34,99.0,1
APP_2481,Male,27,SC,491800.0,green_energy,383000.0,326000.0,15.0,Primary (1-8),0,4,1,1,1,0.116,94.5,1
APP_2482,Female,48,Safai Karamchari / Dependent,60300.0,sanitation,438000.0,429000.0,2.0,Higher Secondary (12th),0,2,1,1,1,1.247,63.3,1
APP_2483,Female,26,SC,297000.0,term_loan,2671000.0,2404000.0,10.0,Graduate,1,0,1,1,0,1.878,18.7,0
APP_2484,Male,31,Safai Karamchari / Dependent,221600.0,education,1860000.0,1674000.0,10.0,No Formal Education,1,0,1,1,1,1.324,60.5,1
APP_2485,Female,23,SC,179500.0,term_loan,3424000.0,3082000.0,10.0,Higher Secondary (12th),1,0,1,1,1,3.983,61.6,1
APP_2486,Male,42,SC,462900.0,term_loan,1674000.0,1507000.0,5.0,Higher Secondary (12th),0,0,1,1,1,0.755,56.0,1
APP_2487,Female,49,SC,338400.0,green_energy,875000.0,831000.0,5.0,Higher Secondary (12th),0,1,1,1,1,0.43,98.0,1
APP_2488,Female,27,SC,266500.0,micro_finance,39100.0,37100.0,2.0,Primary (1-8),0,2,1,1,1,0.051,99.0,1
APP_2489,Female,31,SC,196200.0,education,2020000.0,1818000.0,0.0,Graduate,1,1,1,1,1,1.624,65.5,1
APP_2490,Male,33,SC,457300.0,education,2389000.0,2150000.0,0.0,Secondary (10th),0,2,0,1,1,0.824,5.0,0
APP_2491,Female,36,SC,246900.0,green_energy,1207000.0,1086000.0,10.0,Higher Secondary (12th),0,3,1,1,1,0.771,70.4,1
APP_2492,Male,37,SC,132600.0,term_loan,2477000.0,2229000.0,10.0,Secondary (10th),1,2,1,1,1,3.9,68.6,1
APP_2493,Female,18,OBC,248600.0,micro_finance,99900.0,94900.0,5.0,Graduate,1,11,1,1,1,0.139,52.4,0
APP_2494,Male,29,SC,513500.0,sanitation,1037000.0,933000.0,10.0,Post Graduate / Professional,1,6,1,1,1,0.319,53.2,0
APP_2495,Male,27,ST,217900.0,term_loan,2348000.0,2113000.0,20.0,Primary (1-8),1,2,1,1,1,2.25,6.8,0
APP_2496,Male,42,OBC,147800.0,education,219000.0,197000.0,10.0,Primary (1-8),1,0,0,0,1,0.234,5.9,0
APP_2497,Female,36,Safai Karamchari / Dependent,220400.0,term_loan,2073000.0,1866000.0,5.0,Secondary (10th),0,0,1,1,1,1.964,77.3,1
APP_2498,Male,34,SC,156300.0,sanitation,1453000.0,1308000.0,10.0,Higher Secondary (12th),1,1,1,1,1,1.467,64.4,1
APP_2499,Female,44,SC,173300.0,term_loan,3450000.0,3105000.0,20.0,Secondary (10th),0,1,1,1,1,4.157,62.5,1
APP_2500,Female,31,SC,142400.0,green_energy,649000.0,552000.0,15.0,Higher Secondary (12th),1,1,1,1,1,0.68,68.8,1
APP_2501,Male,32,Safai Karamchari / Dependent,155800.0,education,425000.0,382000.0,5.0,Secondary (10th),1,0,1,1,1,0.43,99.0,1
APP_2502,Female,29,ST,117500.0,term_loan,3141000.0,2827000.0,5.0,Primary (1-8),1,9,0,1,0,5.582,5.0,0
APP_2503,Male,22,SC,275300.0,education,2357000.0,2121000.0,0.0,Secondary (10th),1,7,1,1,1,1.351,61.7,1
APP_2504,Female,50,SC,85000.0,sanitation,1824000.0,1788000.0,2.0,No Formal Education,0,14,1,1,1,3.688,61.3,1
APP_2505,Male,25,SC,148400.0,education,1409000.0,1268000.0,0.0,Graduate,1,0,1,1,1,1.498,61.9,1
APP_2506,Male,29,SC,502200.0,education,1195000.0,1076000.0,5.0,Graduate,1,2,1,1,1,0.376,53.8,0
APP_2507,Male,22,OBC,226000.0,term_loan,1732000.0,1559000.0,15.0,Graduate,1,0,1,1,1,1.6,11.7,0
APP_2508,Female,37,SC,106800.0,sanitation,106000.0,101000.0,5.0,Graduate,1,1,1,1,1,0.166,99.0,1
APP_2509,Male,18,OBC,282600.0,term_loan,1565000.0,1408000.0,5.0,No Formal Education,0,1,1,1,1,1.156,8.2,0
APP_2510,Female,43,SC,286900.0,micro_finance,34400.0,32700.0,0.0,Higher Secondary (12th),1,9,1,1,1,0.042,99.0,1
APP_2511,Male,34,SC,80800.0,term_loan,3975000.0,3578000.0,5.0,Primary (1-8),1,2,1,1,1,10.273,69.8,1
APP_2512,Female,36,Safai Karamchari / Dependent,104800.0,green_energy,1130000.0,1017000.0,10.0,Higher Secondary (12th),1,1,1,1,1,1.701,72.5,1
APP_2513,Male,27,SC,226400.0,term_loan,3287000.0,2958000.0,10.0,Higher Secondary (12th),1,20,1,1,1,3.031,59.1,1
APP_2514,Male,34,SC,247600.0,education,617000.0,555000.0,5.0,Primary (1-8),1,0,1,1,0,0.393,43.9,0
APP_2515,Female,32,ST,170200.0,green_energy,840000.0,756000.0,10.0,Higher Secondary (12th),0,2,1,1,1,0.779,5.0,0
APP_2516,Female,26,SC,97400.0,term_loan,534000.0,481000.0,10.0,Graduate,1,0,1,1,0,1.146,9.4,0
APP_2517,Male,32,Safai Karamchari / Dependent,229800.0,green_energy,504000.0,454000.0,10.0,Higher Secondary (12th),0,2,1,1,1,0.346,99.0,1
APP_2518,Male,34,OBC,693000.0,term_loan,695000.0,626000.0,10.0,Graduate,1,0,1,1,1,0.21,5.0,0
APP_2519,Female,30,General,526400.0,term_loan,2912000.0,2621000.0,10.0,Primary (1-8),0,4,1,1,1,1.155,5.0,0
APP_2520,Other,36,SC,71800.0,sanitation,840000.0,756000.0,10.0,Higher Secondary (12th),0,2,1,1,1,1.846,51.0,1
APP_2521,Female,23,SC,126200.0,sanitation,1673000.0,1640000.0,2.0,Secondary (10th),1,13,1,1,1,2.278,68.3,1
APP_2522,Female,33,SC,112700.0,sanitation,832000.0,790000.0,5.0,Higher Secondary (12th),0,3,1,1,1,1.229,73.9,1
APP_2523,Male,36,SC,126400.0,green_energy,793000.0,714000.0,10.0,Secondary (10th),0,4,1,1,1,0.99,52.4,1
APP_2524,Female,36,OBC,78600.0,education,1935000.0,1742000.0,10.0,Secondary (10th),0,3,1,0,1,3.885,8.0,0
APP_2525,Male,45,SC,191300.0,green_energy,633000.0,601000.0,5.0,No Formal Education,0,0,1,1,1,0.551,82.0,1
APP_2526,Male,19,SC,498500.0,term_loan,673000.0,606000.0,5.0,Primary (1-8),1,1,1,1,1,0.282,96.1,1
APP_2527,Female,33,SC,157400.0,sanitation,1176000.0,1058000.0,10.0,Secondary (10th),1,5,1,1,1,1.178,82.6,1
APP_2528,Other,18,SC,153500.0,sanitation,1553000.0,1475000.0,5.0,Post Graduate / Professional,1,5,0,1,1,1.685,36.5,0
APP_2529,Female,27,SC,109900.0,sanitation,1299000.0,1169000.0,10.0,Graduate,1,2,1,1,1,1.865,71.4,1
APP_2530,Female,35,SC,568800.0,green_energy,1211000.0,1029000.0,15.0,Secondary (10th),1,2,1,1,1,0.317,71.0,0
APP_2531,Male,34,Safai Karamchari / Dependent,150800.0,education,2484000.0,2236000.0,10.0,Higher Secondary (12th),0,6,1,1,1,2.599,70.4,1
APP_2532,Female,35,SC,134200.0,term_loan,2712000.0,2441000.0,20.0,Secondary (10th),1,7,1,1,1,4.22,69.5,1
APP_2533,Female,48,SC,470700.0,micro_finance,138900.0,125000.0,5.0,Graduate,1,1,1,1,1,0.097,58.1,0
APP_2534,Female,33,SC,125400.0,green_energy,726000.0,690000.0,5.0,Post Graduate / Professional,1,1,1,1,1,0.965,65.6,1
APP_2535,Male,30,SC,71900.0,term_loan,1578000.0,1420000.0,20.0,Higher Secondary (12th),1,11,1,1,1,4.582,69.7,1
APP_2536,Male,40,SC,78800.0,green_energy,574000.0,517000.0,10.0,Graduate,1,11,1,1,1,1.15,65.5,1
APP_2537,Female,18,SC,119500.0,green_energy,1463000.0,1317000.0,10.0,Graduate,1,2,1,1,1,1.932,72.0,1
APP_2538,Male,23,SC,196700.0,micro_finance,92400.0,83200.0,2.0,Higher Secondary (12th),1,4,1,1,1,0.154,99.0,1
APP_2539,Female,19,SC,158400.0,green_energy,173000.0,147000.0,15.0,Graduate,1,1,1,1,1,0.163,99.0,1
APP_2540,Female,18,SC,284400.0,sanitation,1978000.0,1780000.0,10.0,Graduate,1,0,0,1,1,1.097,34.5,0
APP_2541,Female,22,SC,274600.0,micro_finance,88500.0,84100.0,2.0,No Formal Education,1,3,1,1,1,0.112,99.0,1
APP_2542,Male,44,SC,211300.0,education,1978000.0,1780000.0,5.0,Secondary (10th),0,3,1,1,1,1.477,64.9,1
APP_2543,Female,36,SC,133100.0,micro_finance,131500.0,124900.0,2.0,Higher Secondary (12th),1,0,1,1,1,0.343,99.0,1
APP_2544,Female,47,Safai Karamchari / Dependent,267300.0,education,887000.0,798000.0,5.0,Graduate,1,0,1,1,1,0.523,99.0,1
APP_2545,Male,32,SC,253500.0,green_energy,1396000.0,1187000.0,15.0,Primary (1-8),1,0,1,1,1,0.821,68.0,1
APP_2546,Female,44,SC,284300.0,education,1413000.0,1272000.0,0.0,Graduate,1,2,1,1,1,0.784,62.4,1
APP_2547,Female,30,SC,130300.0,term_loan,1171000.0,1054000.0,10.0,Higher Secondary (12th),1,0,1,1,1,1.877,66.6,1
APP_2548,Male,30,SC,247500.0,sanitation,1127000.0,1104000.0,2.0,No Formal Education,0,4,0,1,1,0.782,13.2,0
APP_2549,Male,28,SC,290200.0,term_loan,739000.0,665000.0,5.0,Higher Secondary (12th),0,1,1,1,1,0.532,78.8,1
APP_2550,Other,28,SC,74000.0,term_loan,1029000.0,926000.0,15.0,Graduate,1,0,1,1,1,2.903,65.7,1
APP_2551,Female,23,SC,269300.0,green_energy,1395000.0,1325000.0,5.0,Primary (1-8),1,2,0,1,1,0.863,35.5,0
APP_2552,Female,38,SC,85900.0,term_loan,937000.0,843000.0,5.0,Primary (1-8),1,6,1,1,1,2.277,76.9,1
APP_2553,Male,46,SC,283900.0,micro_finance,21300.0,19200.0,10.0,Primary (1-8),0,1,1,1,1,0.025,89.8,1
APP_2554,Female,35,SC,78800.0,micro_finance,128400.0,122000.0,2.0,Higher Secondary (12th),0,0,1,1,1,0.565,86.3,1
APP_2555,Female,18,ST,71200.0,term_loan,2230000.0,2007000.0,20.0,No Formal Education,0,4,1,1,0,6.539,5.0,0
APP_2556,Female,27,Safai Karamchari / Dependent,564800.0,micro_finance,35900.0,34100.0,0.0,Graduate,1,5,1,1,1,0.022,68.2,0
APP_2557,Male,29,SC,290000.0,education,2093000.0,1884000.0,5.0,Higher Secondary (12th),0,4,1,1,1,1.139,51.1,1
APP_2558,Male,40,SC,152700.0,sanitation,1316000.0,1290000.0,2.0,Secondary (10th),0,3,1,1,1,1.481,49.2,1
APP_2559,Male,37,OBC,136000.0,education,177000.0,159000.0,10.0,Higher Secondary (12th),1,1,1,1,1,0.205,49.8,0
APP_2560,Male,18,SC,119800.0,sanitation,456000.0,410000.0,10.0,Higher Secondary (12th),1,3,1,1,1,0.6,95.4,1
APP_2561,Female,35,SC,116600.0,micro_finance,61600.0,55400.0,10.0,Graduate,1,3,1,1,0,0.173,64.8,1
APP_2562,Female,28,SC,129900.0,micro_finance,24300.0,23100.0,2.0,Secondary (10th),1,0,1,1,1,0.065,99.0,1
APP_2563,Female,18,SC,605700.0,education,1275000.0,1148000.0,0.0,Primary (1-8),0,0,0,1,1,0.332,7.6,0
APP_2564,Female,18,SC,129400.0,sanitation,374000.0,355000.0,5.0,Primary (1-8),0,1,1,1,1,0.481,93.2,1
APP_2565,Male,24,SC,236600.0,green_energy,1085000.0,1031000.0,5.0,Primary (1-8),1,9,1,1,1,0.764,66.5,1
APP_2566,Male,37,SC,199200.0,education,880000.0,792000.0,5.0,Secondary (10th),0,0,1,1,1,0.697,58.6,1
APP_2567,Male,39,SC,135200.0,sanitation,1597000.0,1517000.0,5.0,Secondary (10th),0,5,0,1,1,1.967,27.9,0
APP_2568,Female,36,ST,159400.0,term_loan,1182000.0,1064000.0,20.0,Graduate,1,6,1,1,1,1.549,10.9,0
APP_2569,Female,50,SC,190300.0,term_loan,696000.0,626000.0,10.0,No Formal Education,1,2,1,1,1,0.763,79.9,1
APP_2570,Female,29,ST,607400.0,micro_finance,46200.0,43900.0,2.0,Secondary (10th),1,3,1,1,1,0.026,5.0,0
APP_2571,Female,32,Safai Karamchari / Dependent,158100.0,term_loan,3333000.0,3000000.0,15.0,Higher Secondary (12th),0,1,1,1,1,4.402,67.0,1
APP_2572,Male,24,SC,141500.0,education,551000.0,496000.0,10.0,Primary (1-8),0,4,1,1,1,0.614,60.7,1
APP_2573,Male,29,SC,325700.0,sanitation,1320000.0,1294000.0,2.0,Graduate,1,0,1,1,1,0.696,5.0,0
APP_2574,Male,18,ST,149400.0,education,452000.0,407000.0,5.0,Secondary (10th),0,0,0,1,1,0.478,5.0,0
APP_2575,Female,41,SC,74000.0,sanitation,688000.0,654000.0,5.0,Higher Secondary (12th),0,6,1,1,1,1.549,69.8,1
APP_2576,Male,27,ST,213200.0,sanitation,1013000.0,962000.0,5.0,Secondary (10th),0,0,0,1,1,0.791,5.0,0
APP_2577,Male,30,Safai Karamchari / Dependent,164500.0,green_energy,325000.0,292000.0,10.0,Higher Secondary (12th),1,1,1,1,1,0.311,99.0,1
APP_2578,Female,35,SC,75400.0,term_loan,1245000.0,1120000.0,15.0,Secondary (10th),0,6,1,1,1,3.446,70.9,1
APP_2579,Male,28,Safai Karamchari / Dependent,173100.0,sanitation,1268000.0,1243000.0,2.0,Graduate,1,4,1,1,1,1.259,71.7,1
APP_2580,Male,41,SC,236500.0,micro_finance,22400.0,20200.0,2.0,Graduate,1,1,1,1,1,0.031,90.2,1
APP_2581,Female,36,SC,98700.0,micro_finance,60400.0,54400.0,10.0,Primary (1-8),1,0,1,1,1,0.201,99.0,1
APP_2582,Female,43,SC,230300.0,education,2343000.0,2109000.0,10.0,Higher Secondary (12th),0,6,1,1,1,1.605,72.7,1
APP_2583,Male,45,SC,188200.0,sanitation,921000.0,875000.0,5.0,Higher Secondary (12th),0,0,1,1,1,0.815,61.6,1
APP_2584,Male,32,SC,569300.0,term_loan,3549000.0,3194000.0,10.0,Primary (1-8),0,0,0,1,1,1.302,5.0,0
APP_2585,Male,43,OBC,600000.0,micro_finance,112200.0,101000.0,2.0,Secondary (10th),1,4,1,1,1,0.061,5.0,0
APP_2586,Male,27,SC,249900.0,micro_finance,44100.0,39700.0,2.0,Higher Secondary (12th),1,1,1,1,1,0.058,96.7,1
APP_2587,Female,40,SC,234800.0,term_loan,394000.0,355000.0,20.0,Secondary (10th),0,3,1,1,1,0.351,99.0,1
APP_2588,Male,36,SC,241300.0,green_energy,1127000.0,958000.0,15.0,Primary (1-8),0,0,0,1,1,0.696,10.3,0
APP_2589,Female,33,SC,205600.0,education,2395000.0,2156000.0,0.0,Secondary (10th),0,2,1,1,1,1.838,64.2,1
APP_2590,Male,46,SC,102800.0,term_loan,2751000.0,2476000.0,10.0,Higher Secondary (12th),1,3,1,1,1,5.588,61.6,1
APP_2591,Male,25,SC,93200.0,term_loan,1876000.0,1688000.0,15.0,Higher Secondary (12th),0,1,0,1,1,4.202,24.6,0
APP_2592,Female,37,SC,243400.0,sanitation,1503000.0,1473000.0,2.0,Secondary (10th),0,0,1,1,1,1.061,53.8,1
APP_2593,Female,43,SC,325200.0,sanitation,932000.0,839000.0,10.0,Secondary (10th),1,7,1,1,1,0.452,51.3,0
APP_2594,Female,18,SC,197000.0,green_energy,698000.0,663000.0,5.0,Post Graduate / Professional,1,0,1,1,1,0.59,88.8,1
APP_2595,Female,42,SC,286500.0,green_energy,614000.0,553000.0,10.0,Higher Secondary (12th),0,0,1,1,1,0.338,99.0,1
APP_2596,Female,44,SC,100000.0,micro_finance,96800.0,87100.0,10.0,Graduate,1,7,1,1,0,0.318,58.6,1
APP_2597,Female,36,OBC,156100.0,term_loan,2279000.0,2051000.0,5.0,No Formal Education,0,0,1,0,1,3.048,5.0,0
APP_2598,Male,38,SC,529300.0,micro_finance,42800.0,38500.0,0.0,Secondary (10th),1,0,1,1,1,0.027,45.4,0
APP_2599,Female,32,ST,521300.0,green_energy,712000.0,676000.0,5.0,No Formal Education,0,1,1,1,1,0.227,5.0,0
APP_2600,Female,26,SC,242300.0,micro_finance,68400.0,65000.0,5.0,Higher Secondary (12th),1,4,0,1,1,0.098,80.5,1
APP_2601,Female,22,SC,294900.0,sanitation,1363000.0,1295000.0,5.0,Secondary (10th),0,0,1,1,1,0.77,64.7,1
APP_2602,Male,44,SC,270800.0,micro_finance,116400.0,104800.0,0.0,Primary (1-8),0,0,1,1,1,0.141,91.5,1
APP_2603,Female,34,SC,400800.0,term_loan,2466000.0,2219000.0,5.0,Secondary (10th),1,5,1,1,1,1.284,72.0,1
APP_2604,Male,23,SC,69300.0,green_energy,341000.0,324000.0,5.0,Primary (1-8),0,3,1,1,1,0.82,53.3,1
APP_2605,Male,40,Safai Karamchari / Dependent,265200.0,education,382000.0,344000.0,0.0,Secondary (10th),1,3,1,1,1,0.227,99.0,1
APP_2606,Female,41,SC,421400.0,micro_finance,54600.0,51900.0,5.0,Secondary (10th),1,0,1,1,1,0.045,60.8,0
APP_2607,Male,26,SC,79600.0,term_loan,678000.0,610000.0,15.0,Higher Secondary (12th),1,0,1,1,1,1.778,60.3,1
APP_2608,Female,41,SC,104400.0,micro_finance,31000.0,29400.0,0.0,Graduate,1,11,1,1,1,0.103,99.0,1
APP_2609,Male,23,SC,214200.0,green_energy,1138000.0,967000.0,15.0,Secondary (10th),1,0,1,1,1,0.791,64.3,1
APP_2610,Male,36,SC,93600.0,sanitation,1733000.0,1698000.0,2.0,Secondary (10th),0,3,1,1,1,3.18,61.4,1
APP_2611,Female,40,ST,212800.0,micro_finance,63600.0,60400.0,0.0,Primary (1-8),0,6,1,1,1,0.104,47.9,0
APP_2612,Female,29,SC,186900.0,term_loan,3012000.0,2711000.0,15.0,Primary (1-8),0,3,1,1,1,3.365,71.8,1
APP_2613,Female,35,SC,204700.0,sanitation,170000.0,167000.0,2.0,Secondary (10th),0,0,1,1,1,0.143,97.6,1
APP_2614,Male,23,SC,258100.0,micro_finance,82500.0,74200.0,2.0,Secondary (10th),1,4,1,1,1,0.105,99.0,1
APP_2615,Female,29,Safai Karamchari / Dependent,174100.0,sanitation,118000.0,106000.0,10.0,Secondary (10th),1,2,1,1,1,0.107,99.0,1
APP_2616,Female,37,Safai Karamchari / Dependent,138600.0,education,628000.0,565000.0,10.0,No Formal Education,0,2,1,1,1,0.715,73.1,1
APP_2617,Female,22,ST,236500.0,term_loan,1854000.0,1669000.0,20.0,Graduate,1,0,1,0,0,1.637,5.0,0
APP_2618,Female,41,SC,198100.0,term_loan,3571000.0,3214000.0,20.0,Primary (1-8),0,4,1,1,1,3.764,76.4,1
APP_2619,Male,29,SC,193000.0,micro_finance,77600.0,69800.0,0.0,Secondary (10th),1,1,0,1,1,0.132,52.7,1
APP_2620,Male,25,SC,277100.0,micro_finance,40400.0,36400.0,5.0,Secondary (10th),0,2,1,1,1,0.048,93.2,1
APP_2621,Male,36,SC,194600.0,sanitation,1766000.0,1678000.0,5.0,Secondary (10th),0,1,1,1,0,1.512,5.0,0
APP_2622,Male,40,SC,165900.0,micro_finance,90100.0,81100.0,0.0,Graduate,1,0,1,1,1,0.178,98.3,1
APP_2623,Male,33,SC,600200.0,green_energy,864000.0,778000.0,10.0,Graduate,1,10,1,1,1,0.227,54.4,0
APP_2624,Male,23,SC,692800.0,green_energy,291000.0,276000.0,5.0,Higher Secondary (12th),0,0,1,1,1,0.07,45.3,0
APP_2625,Female,28,SC,296700.0,sanitation,1034000.0,931000.0,10.0,No Formal Education,0,0,1,1,1,0.55,91.6,1
APP_2626,Male,32,ST,197500.0,sanitation,1707000.0,1673000.0,2.0,Secondary (10th),0,5,1,1,1,1.485,5.0,0
APP_2627,Male,23,SC,81500.0,green_energy,1269000.0,1142000.0,10.0,Higher Secondary (12th),0,0,1,1,0,2.456,5.0,0
APP_2628,Male,29,SC,221600.0,micro_finance,22400.0,20200.0,0.0,Primary (1-8),1,3,1,1,0,0.033,52.4,1
APP_2629,Female,51,SC,92300.0,sanitation,1746000.0,1659000.0,5.0,Primary (1-8),0,4,1,1,1,3.151,70.1,1
APP_2630,Male,21,ST,70300.0,sanitation,723000.0,709000.0,2.0,Primary (1-8),0,0,1,1,1,1.768,5.0,0
APP_2631,Male,42,SC,279600.0,sanitation,250000.0,225000.0,10.0,Secondary (10th),0,2,1,1,1,0.141,99.0,1
APP_2632,Female,38,SC,137200.0,sanitation,1760000.0,1672000.0,5.0,No Formal Education,0,3,1,1,1,2.136,63.6,1
APP_2633,Male,24,Safai Karamchari / Dependent,177000.0,education,530000.0,477000.0,5.0,Higher Secondary (12th),1,5,1,1,0,0.472,54.0,1
APP_2634,Female,35,SC,117600.0,sanitation,1024000.0,973000.0,5.0,No Formal Education,1,8,1,1,1,1.45,73.5,1
APP_2635,Male,47,SC,150700.0,education,697000.0,627000.0,0.0,Graduate,1,1,1,1,1,0.729,50.2,1
APP_2636,Male,18,SC,433900.0,green_energy,1327000.0,1128000.0,15.0,Graduate,1,5,1,0,1,0.456,34.0,0
APP_2637,Male,35,SC,303300.0,sanitation,371000.0,352000.0,5.0,Primary (1-8),1,4,1,1,1,0.203,51.4,0
APP_2638,Male,33,SC,199000.0,education,1513000.0,1362000.0,0.0,Graduate,1,1,1,1,1,1.2,56.7,1
APP_2639,Male,36,ST,205600.0,education,2416000.0,2174000.0,0.0,Secondary (10th),1,4,1,0,1,1.854,5.6,0
APP_2640,Female,41,SC,290600.0,sanitation,313000.0,282000.0,10.0,Primary (1-8),0,0,1,1,1,0.17,98.2,1
APP_2641,Female,47,SC,214000.0,green_energy,724000.0,615000.0,15.0,Post Graduate / Professional,1,0,1,1,1,0.504,92.9,1
APP_2642,Male,29,Safai Karamchari / Dependent,133200.0,education,584000.0,526000.0,10.0,Higher Secondary (12th),0,3,1,1,1,0.692,71.3,1
APP_2643,Male,48,SC,157100.0,education,1922000.0,1730000.0,5.0,No Formal Education,1,0,1,1,1,1.93,54.0,1
APP_2644,Male,41,SC,212900.0,micro_finance,70300.0,63300.0,0.0,Primary (1-8),1,20,1,1,1,0.109,99.0,1
APP_2645,Male,27,SC,267000.0,micro_finance,47900.0,43100.0,0.0,Higher Secondary (12th),0,3,1,1,1,0.059,90.8,1
APP_2646,Female,47,SC,225500.0,education,2110000.0,1899000.0,5.0,No Formal Education,1,0,1,1,1,1.476,70.1,1
APP_2647,Female,29,SC,83700.0,micro_finance,96100.0,91300.0,2.0,Primary (1-8),1,0,0,1,1,0.398,65.8,1
APP_2648,Female,41,Safai Karamchari / Dependent,646200.0,sanitation,1191000.0,1167000.0,2.0,Primary (1-8),1,1,0,1,1,0.317,20.1,0
APP_2649,Female,31,SC,558300.0,term_loan,974000.0,877000.0,20.0,No Formal Education,0,13,1,1,1,0.364,49.7,0
APP_2650,Female,23,SC,174000.0,sanitation,384000.0,365000.0,5.0,Secondary (10th),0,0,1,1,1,0.368,99.0,1
APP_2651,Male,30,Safai Karamchari / Dependent,274400.0,micro_finance,69700.0,62700.0,2.0,No Formal Education,1,0,1,1,1,0.083,99.0,1
APP_2652,Female,35,SC,83000.0,education,669000.0,602000.0,5.0,Post Graduate / Professional,1,9,1,1,1,1.271,70.1,1
APP_2653,Female,45,Safai Karamchari / Dependent,168400.0,green_energy,366000.0,348000.0,5.0,Primary (1-8),0,2,1,1,1,0.362,99.0,1
APP_2654,Male,43,SC,66000.0,micro_finance,118800.0,106900.0,5.0,Graduate,1,0,1,1,1,0.591,96.6,1
APP_2655,Female,46,SC,291500.0,green_energy,790000.0,750000.0,5.0,Secondary (10th),1,0,1,1,1,0.451,93.1,1
APP_2656,Female,38,Safai Karamchari / Dependent,373500.0,education,429000.0,386000.0,10.0,Secondary (10th),1,19,1,1,1,0.181,57.1,0
APP_2657,Female,46,Safai Karamchari / Dependent,592200.0,micro_finance,90000.0,85500.0,5.0,Higher Secondary (12th),0,1,1,1,1,0.053,55.5,0
APP_2658,Female,37,SC,144700.0,micro_finance,31300.0,29700.0,2.0,Secondary (10th),1,7,1,1,1,0.075,99.0,1
APP_2659,Male,49,SC,142800.0,micro_finance,103000.0,92700.0,5.0,Primary (1-8),1,3,1,1,1,0.237,99.0,1
APP_2660,Male,24,Safai Karamchari / Dependent,163200.0,sanitation,1774000.0,1597000.0,10.0,Primary (1-8),0,0,1,1,1,1.715,61.7,1
APP_2661,Male,27,ST,161100.0,green_energy,439000.0,395000.0,10.0,Post Graduate / Professional,1,4,1,1,1,0.43,33.7,0
APP_2662,Male,34,SC,193800.0,micro_finance,30600.0,27500.0,0.0,Secondary (10th),0,0,1,1,1,0.052,79.9,1
APP_2663,Female,31,SC,243400.0,education,2339000.0,2105000.0,0.0,Secondary (10th),0,5,1,1,1,1.516,68.2,1
APP_2664,Female,34,SC,167800.0,term_loan,3810000.0,3429000.0,10.0,Primary (1-8),0,2,1,1,1,4.741,66.5,1
APP_2665,Male,31,SC,100000.0,term_loan,3012000.0,2711000.0,20.0,Higher Secondary (12th),0,1,1,1,1,6.289,55.0,1
APP_2666,Male,29,SC,191700.0,term_loan,1601000.0,1441000.0,15.0,Higher Secondary (12th),0,4,1,1,1,1.744,68.6,1
APP_2667,Male,40,SC,299800.0,micro_finance,34600.0,31100.0,0.0,Secondary (10th),1,3,1,1,1,0.038,99.0,1
APP_2668,Male,27,SC,93300.0,sanitation,1039000.0,987000.0,5.0,Higher Secondary (12th),0,3,1,1,1,1.854,56.3,1
APP_2669,Female,31,SC,140800.0,sanitation,1132000.0,1109000.0,2.0,Graduate,1,1,1,1,1,1.381,71.0,1
APP_2670,Female,37,SC,261900.0,term_loan,2420000.0,2178000.0,15.0,Higher Secondary (12th),1,2,1,1,1,1.929,79.2,1
APP_2671,Female,20,SC,427300.0,green_energy,1044000.0,887000.0,15.0,Higher Secondary (12th),0,3,1,1,1,0.364,99.0,1
APP_2672,Female,18,SC,253200.0,education,1689000.0,1520000.0,0.0,Secondary (10th),1,2,1,1,1,1.052,55.8,1
APP_2673,Female,49,SC,128000.0,education,2235000.0,2012000.0,5.0,Graduate,1,3,1,1,1,2.756,73.0,1
APP_2674,Female,21,SC,93400.0,term_loan,3114000.0,2803000.0,5.0,Higher Secondary (12th),1,2,1,1,1,6.962,74.8,1
APP_2675,Male,36,SC,356300.0,education,1365000.0,1228000.0,10.0,Graduate,1,1,1,1,1,0.604,6.1,0
APP_2676,Male,34,SC,288200.0,education,618000.0,556000.0,5.0,No Formal Education,1,3,1,1,1,0.338,99.0,1
APP_2677,Male,24,SC,224800.0,term_loan,3762000.0,3386000.0,10.0,Higher Secondary (12th),0,1,1,1,1,3.494,55.6,1
APP_2678,Female,36,SC,101500.0,green_energy,225000.0,202000.0,10.0,Secondary (10th),1,2,1,1,1,0.349,99.0,1
APP_2679,Female,27,Safai Karamchari / Dependent,102200.0,micro_finance,138000.0,125000.0,2.0,Secondary (10th),0,0,1,1,1,0.447,99.0,1
APP_2680,Male,40,SC,149800.0,micro_finance,79700.0,71700.0,10.0,Secondary (10th),1,4,0,1,1,0.175,71.2,1
APP_2681,Female,39,Safai Karamchari / Dependent,422200.0,education,510000.0,459000.0,0.0,Post Graduate / Professional,1,0,1,1,1,0.191,44.9,0
APP_2682,Female,39,SC,147800.0,micro_finance,106300.0,101000.0,2.0,Post Graduate / Professional,1,0,1,1,1,0.249,96.8,1
APP_2683,Female,22,General,99200.0,green_energy,579000.0,550000.0,5.0,Higher Secondary (12th),1,4,1,0,1,0.972,18.7,0
APP_2684,Male,40,Safai Karamchari / Dependent,153000.0,micro_finance,62100.0,55900.0,10.0,Post Graduate / Professional,1,3,1,1,1,0.133,99.0,1
APP_2685,Male,23,SC,182600.0,green_energy,1290000.0,1096000.0,15.0,Primary (1-8),0,15,1,1,1,1.052,56.1,1
APP_2686,Female,47,SC,343500.0,term_loan,2115000.0,1904000.0,20.0,Post Graduate / Professional,1,4,1,1,1,1.286,71.5,1
APP_2687,Female,27,SC,237300.0,term_loan,1607000.0,1446000.0,10.0,Graduate,1,1,1,1,1,1.414,66.3,1
APP_2688,Male,21,SC,198000.0,sanitation,427000.0,406000.0,5.0,Higher Secondary (12th),1,0,1,1,1,0.359,99.0,1
APP_2689,Male,22,SC,191200.0,micro_finance,29600.0,26600.0,2.0,Secondary (10th),1,0,1,1,1,0.051,90.8,1
APP_2690,Male,42,SC,622500.0,sanitation,1476000.0,1328000.0,10.0,Secondary (10th),0,0,1,1,1,0.374,42.6,0
APP_2691,Male,37,SC,256000.0,education,2483000.0,2235000.0,0.0,No Formal Education,0,3,1,1,1,1.53,52.5,1
APP_2692,Male,35,SC,347400.0,micro_finance,68200.0,61400.0,5.0,Higher Secondary (12th),0,1,1,1,1,0.065,37.7,0
APP_2693,Female,45,Safai Karamchari / Dependent,454000.0,term_loan,3952000.0,3557000.0,10.0,Primary (1-8),0,5,1,1,1,1.818,72.9,1
APP_2694,Male,39,ST,81500.0,sanitation,624000.0,612000.0,2.0,Primary (1-8),0,1,1,1,1,1.316,5.0,0
APP_2695,Male,33,SC,216500.0,green_energy,710000.0,604000.0,15.0,Primary (1-8),0,7,1,1,1,0.489,97.8,1
APP_2696,Male,28,SC,72200.0,education,1308000.0,1177000.0,0.0,Secondary (10th),1,5,0,1,1,2.858,30.0,0
APP_2697,Male,29,SC,290000.0,education,905000.0,814000.0,5.0,Secondary (10th),0,10,1,1,1,0.492,93.8,1
APP_2698,Male,55,SC,172300.0,green_energy,1177000.0,1000000.0,15.0,Primary (1-8),1,3,1,1,1,1.017,72.9,1
APP_2699,Female,34,SC,361900.0,sanitation,1798000.0,1618000.0,10.0,Secondary (10th),0,9,1,1,1,0.784,11.6,0
APP_2700,Male,43,SC,69700.0,micro_finance,125400.0,112900.0,0.0,Graduate,1,0,1,1,1,0.591,89.6,1
APP_2701,Female,18,SC,500200.0,sanitation,128000.0,115000.0,10.0,Primary (1-8),0,2,1,1,1,0.04,63.6,0
APP_2702,Male,35,SC,153800.0,green_energy,201000.0,181000.0,10.0,Higher Secondary (12th),0,2,1,1,1,0.206,97.6,1
APP_2703,Female,33,Safai Karamchari / Dependent,145600.0,green_energy,740000.0,629000.0,15.0,Primary (1-8),0,0,0,1,1,0.757,43.9,0
APP_2704,Female,24,SC,157600.0,term_loan,1298000.0,1168000.0,10.0,Secondary (10th),1,7,0,1,1,1.719,42.4,0
APP_2705,Male,24,ST,263600.0,sanitation,1435000.0,1292000.0,10.0,Primary (1-8),0,11,1,1,1,0.859,5.0,0
APP_2706,Male,26,SC,279100.0,education,1867000.0,1680000.0,10.0,Graduate,1,3,1,1,1,1.055,67.2,1
APP_2707,Female,40,SC,147500.0,micro_finance,116900.0,105200.0,10.0,Higher Secondary (12th),0,5,1,1,1,0.26,99.0,1
APP_2708,Male,34,SC,82400.0,sanitation,719000.0,705000.0,2.0,Graduate,1,2,1,1,0,1.5,9.1,0
APP_2709,Male,29,Safai Karamchari / Dependent,265300.0,green_energy,315000.0,284000.0,10.0,Primary (1-8),1,2,1,1,1,0.188,99.0,1
APP_2710,Male,26,ST,431800.0,sanitation,287000.0,281000.0,2.0,Secondary (10th),0,1,1,1,1,0.114,5.0,0
APP_2711,Female,39,OBC,221100.0,term_loan,2454000.0,2209000.0,10.0,Primary (1-8),1,0,1,1,1,2.318,8.1,0
APP_2712,Male,29,SC,93900.0,education,947000.0,852000.0,5.0,Primary (1-8),0,3,1,1,1,1.591,61.5,1
APP_2713,Male,44,Safai Karamchari / Dependent,298800.0,green_energy,1166000.0,1049000.0,10.0,Higher Secondary (12th),1,0,1,1,0,0.615,12.1,0
APP_2714,Female,22,SC,257100.0,sanitation,1697000.0,1527000.0,10.0,Graduate,1,4,1,1,1,1.041,78.3,1
APP_2715,Female,36,Safai Karamchari / Dependent,186700.0,term_loan,3928000.0,3535000.0,20.0,Primary (1-8),0,0,1,1,1,4.393,76.1,1
APP_2716,Female,23,SC,573300.0,education,428000.0,385000.0,0.0,Graduate,1,4,0,1,1,0.118,18.7,0
APP_2717,Female,30,SC,90100.0,green_energy,1356000.0,1220000.0,10.0,Higher Secondary (12th),0,2,1,1,1,2.374,69.3,1
APP_2718,Male,39,SC,697500.0,micro_finance,91000.0,81900.0,2.0,Primary (1-8),0,2,1,1,1,0.043,40.1,0
APP_2719,Male,43,SC,541600.0,education,430000.0,387000.0,0.0,Secondary (10th),0,2,0,1,1,0.125,5.0,0
APP_2720,Male,24,Safai Karamchari / Dependent,223600.0,green_energy,1146000.0,1031000.0,10.0,Secondary (10th),0,6,1,1,1,0.808,52.1,1
APP_2721,Female,30,SC,534700.0,education,2168000.0,1951000.0,0.0,Graduate,1,1,1,1,1,0.64,15.8,0
APP_2722,Male,58,SC,103300.0,green_energy,1103000.0,1048000.0,5.0,Graduate,1,0,1,1,1,1.778,60.5,1
APP_2723,Male,33,SC,292500.0,education,338000.0,304000.0,0.0,No Formal Education,1,1,1,1,1,0.182,99.0,1
APP_2724,Male,31,SC,67800.0,education,505000.0,454000.0,0.0,Graduate,1,10,1,1,1,1.174,60.0,1
APP_2725,Female,26,SC,290700.0,term_loan,2339000.0,2105000.0,5.0,No Formal Education,0,2,1,1,1,1.68,65.4,1
APP_2726,Female,38,SC,480200.0,micro_finance,126000.0,119700.0,0.0,Graduate,1,2,1,1,1,0.091,45.3,0
APP_2727,Male,27,SC,416500.0,micro_finance,43800.0,39400.0,2.0,Secondary (10th),0,11,1,1,1,0.035,29.8,0
APP_2728,Male,21,SC,247800.0,micro_finance,72000.0,64800.0,2.0,Graduate,1,0,1,1,1,0.095,93.5,1
APP_2729,Female,48,SC,234800.0,education,2059000.0,1853000.0,10.0,Secondary (10th),0,0,1,1,1,1.383,61.7,1
APP_2730,Other,46,SC,80900.0,term_loan,3595000.0,3236000.0,5.0,Graduate,1,1,1,1,1,9.28,59.9,1
APP_2731,Female,21,Safai Karamchari / Dependent,168600.0,green_energy,1022000.0,971000.0,5.0,Secondary (10th),1,4,1,1,1,1.01,84.5,1
APP_2732,Female,36,Safai Karamchari / Dependent,65600.0,green_energy,1126000.0,957000.0,15.0,Graduate,1,1,1,1,1,2.557,76.8,1
APP_2733,Male,25,Safai Karamchari / Dependent,70700.0,education,105000.0,94000.0,10.0,Graduate,1,8,1,1,1,0.233,99.0,1
APP_2734,Male,32,ST,286700.0,term_loan,3546000.0,3191000.0,10.0,Higher Secondary (12th),1,2,1,0,1,2.582,6.1,0
APP_2735,Male,40,SC,109500.0,term_loan,175000.0,158000.0,10.0,Primary (1-8),1,2,1,1,1,0.335,99.0,1
APP_2736,Female,42,OBC,272300.0,education,628000.0,565000.0,5.0,Primary (1-8),0,3,1,1,1,0.364,42.7,0
APP_2737,Male,30,SC,226800.0,sanitation,495000.0,485000.0,2.0,Higher Secondary (12th),1,0,1,1,1,0.375,97.7,1
APP_2738,Male,39,SC,66400.0,term_loan,2323000.0,2091000.0,10.0,Primary (1-8),0,2,1,1,1,7.306,63.1,1
APP_2739,Female,26,Safai Karamchari / Dependent,154300.0,sanitation,1825000.0,1642000.0,10.0,Higher Secondary (12th),1,1,1,1,0,1.866,20.7,0
APP_2740,Female,46,SC,149200.0,green_energy,366000.0,348000.0,5.0,Secondary (10th),0,2,1,1,1,0.409,94.7,1
APP_2741,Female,32,General,91800.0,green_energy,684000.0,650000.0,5.0,Higher Secondary (12th),1,9,1,1,1,1.241,10.6,0
APP_2742,Male,44,SC,220300.0,green_energy,837000.0,753000.0,10.0,Primary (1-8),1,2,0,1,1,0.599,64.7,1
APP_2743,Female,26,Safai Karamchari / Dependent,61100.0,green_energy,951000.0,808000.0,15.0,Higher Secondary (12th),0,7,1,1,1,2.318,74.6,1
APP_2744,Female,28,SC,115300.0,term_loan,1428000.0,1285000.0,5.0,Secondary (10th),1,2,1,1,1,2.586,77.4,1
APP_2745,Female,55,SC,264300.0,micro_finance,78200.0,70400.0,10.0,Higher Secondary (12th),1,10,1,1,1,0.097,99.0,1
APP_2746,Male,44,SC,190900.0,education,1794000.0,1615000.0,5.0,Higher Secondary (12th),0,0,1,1,1,1.483,66.7,1
APP_2747,Male,27,OBC,190300.0,term_loan,2047000.0,1842000.0,20.0,Secondary (10th),1,6,1,0,1,2.246,9.1,0
APP_2748,Male,29,General,82900.0,term_loan,3510000.0,3159000.0,5.0,Primary (1-8),0,1,1,1,1,8.84,5.0,0
APP_2749,Male,21,SC,248300.0,micro_finance,108200.0,97400.0,2.0,Graduate,1,2,0,1,1,0.143,63.4,1
APP_2750,Female,35,Safai Karamchari / Dependent,181900.0,green_energy,687000.0,653000.0,5.0,Higher Secondary (12th),0,0,1,1,1,0.629,70.8,1
APP_2751,Male,29,SC,100500.0,education,465000.0,418000.0,0.0,Graduate,1,6,1,1,1,0.729,62.8,1
APP_2752,Female,61,ST,101300.0,green_energy,705000.0,599000.0,15.0,Higher Secondary (12th),0,2,1,1,0,1.037,5.0,0
APP_2753,Female,29,SC,197600.0,term_loan,2437000.0,2193000.0,5.0,Higher Secondary (12th),0,1,1,1,1,2.575,60.5,1
APP_2754,Female,21,SC,656700.0,term_loan,3338000.0,3004000.0,5.0,Post Graduate / Professional,1,0,1,1,1,1.061,17.2,0
APP_2755,Female,39,SC,237000.0,micro_finance,30100.0,28600.0,2.0,Primary (1-8),0,1,1,1,1,0.044,99.0,1
APP_2756,Female,42,OBC,264500.0,green_energy,1088000.0,979000.0,10.0,Post Graduate / Professional,1,5,1,1,1,0.649,21.9,0
APP_2757,Female,35,SC,160300.0,green_energy,1285000.0,1156000.0,10.0,Post Graduate / Professional,1,0,1,1,1,1.264,72.0,1
APP_2758,Female,39,SC,101600.0,education,737000.0,663000.0,0.0,Secondary (10th),0,0,1,1,1,1.144,55.6,1
APP_2759,Male,35,SC,250200.0,term_loan,1147000.0,1032000.0,5.0,Post Graduate / Professional,1,1,0,1,1,0.957,24.9,0
APP_2760,Male,36,SC,378700.0,education,512000.0,461000.0,5.0,Higher Secondary (12th),1,0,1,1,1,0.213,50.2,0
APP_2761,Female,24,SC,205100.0,micro_finance,41600.0,39500.0,0.0,Graduate,1,0,1,1,1,0.07,96.6,1
APP_2762,Male,24,SC,634400.0,micro_finance,79300.0,71400.0,2.0,Primary (1-8),0,1,1,1,1,0.041,35.0,0
APP_2763,Female,44,Safai Karamchari / Dependent,179100.0,green_energy,446000.0,401000.0,10.0,Secondary (10th),1,5,1,1,1,0.392,99.0,1
APP_2764,Male,30,General,269800.0,green_energy,1193000.0,1074000.0,10.0,Higher Secondary (12th),1,1,1,1,1,0.698,5.0,0
APP_2765,Male,37,SC,236100.0,education,724000.0,652000.0,10.0,No Formal Education,0,4,1,1,1,0.484,87.8,1
APP_2766,Male,29,OBC,153800.0,education,754000.0,679000.0,5.0,Higher Secondary (12th),0,0,1,1,1,0.774,5.0,0
APP_2767,Male,25,SC,133100.0,green_energy,1293000.0,1099000.0,15.0,Secondary (10th),1,14,1,1,1,1.447,68.5,1
APP_2768,Female,29,SC,150000.0,education,1392000.0,1253000.0,5.0,Graduate,1,3,1,1,1,1.464,81.6,1
APP_2769,Female,35,ST,157000.0,green_energy,1398000.0,1328000.0,5.0,Secondary (10th),1,0,1,1,1,1.483,14.3,0
APP_2770,Male,43,OBC,174100.0,sanitation,1422000.0,1280000.0,10.0,Graduate,1,3,1,1,1,1.289,5.1,0
APP_2771,Female,42,SC,158900.0,sanitation,1776000.0,1740000.0,2.0,Secondary (10th),1,7,1,1,1,1.92,71.8,1
APP_2772,Male,48,SC,214700.0,sanitation,1365000.0,1338000.0,2.0,Graduate,1,4,1,1,1,1.092,63.5,1
APP_2773,Female,23,SC,265800.0,term_loan,3658000.0,3292000.0,15.0,Higher Secondary (12th),0,5,1,1,1,2.873,69.8,1
APP_2774,Female,29,SC,203500.0,green_energy,1266000.0,1139000.0,10.0,Secondary (10th),1,2,1,1,1,0.981,76.2,1
APP_2775,Male,29,ST,175600.0,sanitation,860000.0,774000.0,10.0,Graduate,1,0,1,0,1,0.773,5.0,0
APP_2776,Male,43,SC,169300.0,education,715000.0,644000.0,10.0,Secondary (10th),0,3,1,1,1,0.667,49.0,1
APP_2777,Female,42,SC,74700.0,green_energy,244000.0,232000.0,5.0,Secondary (10th),0,0,0,1,1,0.544,60.4,1
APP_2778,Male,34,Safai Karamchari / Dependent,207800.0,sanitation,1379000.0,1241000.0,10.0,Graduate,1,13,1,1,1,1.047,81.1,1
APP_2779,Male,31,Safai Karamchari / Dependent,116000.0,education,299000.0,269000.0,10.0,Graduate,1,3,1,1,1,0.407,99.0,1
APP_2780,Female,39,SC,232300.0,term_loan,2427000.0,2184000.0,10.0,Post Graduate / Professional,1,0,1,1,1,2.181,69.0,1
APP_2781,Male,53,SC,195700.0,sanitation,1959000.0,1861000.0,5.0,No Formal Education,1,3,1,1,1,1.667,73.0,1
APP_2782,Female,27,SC,512200.0,green_energy,1444000.0,1300000.0,10.0,Primary (1-8),0,6,1,1,1,0.445,36.3,0
APP_2783,Male,38,Safai Karamchari / Dependent,257300.0,micro_finance,29000.0,26100.0,0.0,Secondary (10th),0,2,0,1,1,0.037,65.7,1
APP_2784,Male,41,SC,214800.0,education,1483000.0,1335000.0,0.0,Primary (1-8),0,0,1,1,1,1.09,54.8,1
APP_2785,Male,43,SC,60400.0,term_loan,3767000.0,3390000.0,5.0,Primary (1-8),1,1,1,1,1,13.021,63.0,1
APP_2786,Female,33,SC,211000.0,micro_finance,23800.0,22600.0,0.0,Secondary (10th),0,0,1,1,1,0.039,99.0,1
APP_2787,Male,38,Safai Karamchari / Dependent,262200.0,term_loan,1406000.0,1265000.0,5.0,Higher Secondary (12th),1,1,1,1,1,1.119,69.4,1
APP_2788,Male,28,SC,211500.0,education,295000.0,266000.0,5.0,Secondary (10th),0,4,1,1,1,0.22,98.8,1
APP_2789,Male,43,SC,154100.0,green_energy,171000.0,162000.0,5.0,Secondary (10th),0,2,1,1,1,0.184,96.6,1
APP_2790,Other,47,SC,271800.0,term_loan,1230000.0,1107000.0,10.0,Secondary (10th),0,1,1,1,1,0.945,54.6,1
APP_2791,Male,18,ST,332500.0,sanitation,121000.0,109000.0,10.0,Primary (1-8),0,1,1,1,1,0.057,5.0,0
APP_2792,Female,46,SC,285300.0,education,458000.0,412000.0,0.0,Secondary (10th),1,1,1,1,1,0.253,99.0,1
APP_2793,Male,52,ST,206400.0,green_energy,1026000.0,923000.0,10.0,No Formal Education,0,1,1,1,1,0.784,5.0,0
APP_2794,Female,36,SC,162000.0,education,1293000.0,1164000.0,0.0,Higher Secondary (12th),0,4,1,1,1,1.26,62.3,1
APP_2795,Male,50,ST,125300.0,micro_finance,125300.0,112800.0,2.0,Primary (1-8),0,0,1,0,1,0.329,34.9,0
APP_2796,Female,35,Safai Karamchari / Dependent,299800.0,education,2405000.0,2164000.0,0.0,Secondary (10th),1,2,1,1,1,1.265,90.0,1
APP_2797,Female,27,SC,199600.0,sanitation,1177000.0,1118000.0,5.0,Post Graduate / Professional,1,0,1,1,1,0.982,68.9,1
APP_2798,Female,32,SC,290700.0,education,1444000.0,1300000.0,0.0,No Formal Education,0,2,1,1,1,0.784,65.8,1
APP_2799,Female,36,SC,206500.0,sanitation,1221000.0,1099000.0,10.0,Higher Secondary (12th),1,2,0,1,0,0.933,5.0,0
APP_2800,Female,41,SC,174600.0,sanitation,1948000.0,1753000.0,10.0,Secondary (10th),0,0,1,1,1,1.76,58.8,1
APP_2801,Female,32,SC,101400.0,green_energy,856000.0,770000.0,10.0,Graduate,1,1,1,1,1,1.331,63.2,1
APP_2802,Male,40,SC,90300.0,term_loan,188000.0,169000.0,5.0,Graduate,1,3,1,1,1,0.434,90.6,1
APP_2803,Male,31,Safai Karamchari / Dependent,682600.0,term_loan,1324000.0,1192000.0,10.0,Graduate,1,0,1,1,1,0.405,51.1,0
APP_2804,Female,48,SC,137100.0,micro_finance,128100.0,115300.0,10.0,Primary (1-8),0,0,1,1,1,0.307,99.0,1
APP_2805,Female,29,Safai Karamchari / Dependent,227400.0,green_energy,551000.0,523000.0,5.0,Secondary (10th),0,2,1,1,1,0.403,99.0,1
APP_2806,Male,18,SC,697300.0,education,1116000.0,1004000.0,0.0,Higher Secondary (12th),1,10,0,1,1,0.252,22.2,0
APP_2807,Male,29,Safai Karamchari / Dependent,293500.0,sanitation,1651000.0,1486000.0,10.0,Post Graduate / Professional,1,2,1,1,1,0.888,75.9,1
APP_2808,Female,32,OBC,158000.0,education,323000.0,291000.0,10.0,Secondary (10th),1,2,1,1,1,0.323,47.0,0
APP_2809,Male,18,SC,285500.0,education,1268000.0,1141000.0,0.0,Higher Secondary (12th),1,0,0,1,1,0.701,27.2,0
APP_2810,Female,45,SC,179100.0,sanitation,1042000.0,938000.0,10.0,Primary (1-8),0,3,0,1,1,0.918,33.1,0
APP_2811,Male,38,SC,226800.0,sanitation,1683000.0,1515000.0,10.0,Graduate,1,8,1,1,1,1.171,66.1,1
APP_2812,Female,40,SC,254500.0,term_loan,3429000.0,3086000.0,15.0,Primary (1-8),0,12,1,1,1,2.813,70.7,1
APP_2813,Female,36,Safai Karamchari / Dependent,267800.0,green_energy,1196000.0,1076000.0,10.0,Post Graduate / Professional,1,2,0,1,1,0.704,52.5,1
APP_2814,Female,53,Safai Karamchari / Dependent,173100.0,education,163000.0,147000.0,10.0,Secondary (10th),0,2,1,1,1,0.149,99.0,1
APP_2815,Male,26,SC,144400.0,term_loan,891000.0,802000.0,15.0,No Formal Education,0,2,1,1,1,1.288,64.8,1
APP_2816,Male,32,SC,82900.0,education,2246000.0,2021000.0,5.0,Primary (1-8),0,4,1,1,1,4.274,55.9,1
APP_2817,Male,33,SC,173500.0,micro_finance,26100.0,23500.0,0.0,Secondary (10th),0,1,1,1,1,0.049,81.0,1
APP_2818,Female,44,SC,242700.0,education,1542000.0,1388000.0,10.0,Secondary (10th),1,4,1,1,1,1.003,74.1,1
APP_2819,Female,32,SC,592600.0,green_energy,472000.0,425000.0,10.0,Graduate,1,7,1,1,1,0.126,61.4,0
APP_2820,Male,23,SC,154000.0,micro_finance,38900.0,35000.0,5.0,No Formal Education,0,2,1,1,1,0.083,94.4,1
APP_2821,Male,42,SC,108000.0,term_loan,3740000.0,3366000.0,20.0,Primary (1-8),0,1,1,1,1,7.23,53.1,1
APP_2822,Male,30,SC,523400.0,green_energy,1490000.0,1416000.0,5.0,Secondary (10th),1,1,1,1,1,0.474,30.3,0
APP_2823,Male,35,Safai Karamchari / Dependent,272600.0,micro_finance,53900.0,48500.0,2.0,No Formal Education,1,2,1,1,1,0.065,99.0,1
APP_2824,Female,33,SC,194600.0,micro_finance,61100.0,55000.0,10.0,Primary (1-8),0,0,1,1,1,0.103,99.0,1
APP_2825,Male,30,SC,64300.0,green_energy,455000.0,410000.0,10.0,Higher Secondary (12th),0,0,0,1,1,1.118,11.9,0
APP_2826,Male,39,OBC,187600.0,green_energy,1354000.0,1286000.0,5.0,Graduate,1,4,1,1,1,1.202,5.0,0
APP_2827,Male,47,SC,198400.0,micro_finance,70500.0,63400.0,10.0,Graduate,1,2,1,1,1,0.117,99.0,1
APP_2828,Female,25,SC,63300.0,sanitation,1523000.0,1493000.0,2.0,Higher Secondary (12th),1,0,1,1,1,4.135,65.7,1
APP_2829,Female,18,ST,71600.0,green_energy,1403000.0,1333000.0,5.0,Secondary (10th),1,0,1,1,1,3.264,11.1,0
APP_2830,Female,42,SC,215300.0,micro_finance,71500.0,67900.0,0.0,Higher Secondary (12th),0,12,1,1,1,0.115,99.0,1
APP_2831,Other,27,SC,213400.0,micro_finance,37200.0,33500.0,2.0,No Formal Education,1,2,1,1,0,0.057,46.9,1
APP_2832,Male,18,SC,265800.0,education,1470000.0,1323000.0,0.0,Post Graduate / Professional,1,8,1,1,1,0.873,58.5,1
APP_2833,Female,38,Safai Karamchari / Dependent,130900.0,green_energy,584000.0,526000.0,10.0,Post Graduate / Professional,1,1,1,1,1,0.704,72.0,1
APP_2834,Female,32,SC,183300.0,sanitation,336000.0,329000.0,2.0,Higher Secondary (12th),1,1,1,1,1,0.315,99.0,1
APP_2835,Female,36,ST,242900.0,sanitation,856000.0,813000.0,5.0,Primary (1-8),1,1,1,1,1,0.587,40.6,0
APP_2836,Male,27,SC,62900.0,sanitation,1942000.0,1845000.0,5.0,Primary (1-8),0,9,1,1,1,5.142,60.3,1
APP_2837,Female,40,ST,161200.0,micro_finance,130600.0,124100.0,0.0,Primary (1-8),1,6,0,1,1,0.281,21.0,0
APP_2838,Female,36,SC,165900.0,micro_finance,101500.0,96400.0,0.0,Secondary (10th),0,4,1,1,1,0.212,99.0,1
APP_2839,Female,34,SC,78000.0,sanitation,566000.0,538000.0,5.0,Secondary (10th),0,0,1,1,1,1.209,67.0,1
APP_2840,Female,24,SC,285400.0,education,2301000.0,2071000.0,10.0,No Formal Education,0,3,1,1,1,1.272,68.4,1
APP_2841,Male,55,SC,238500.0,sanitation,671000.0,604000.0,10.0,Secondary (10th),1,0,1,1,1,0.444,90.3,1
APP_2842,Male,33,Safai Karamchari / Dependent,210500.0,term_loan,2304000.0,2074000.0,20.0,Secondary (10th),1,10,1,1,1,2.286,68.0,1
APP_2843,Other,22,SC,252300.0,term_loan,492000.0,443000.0,15.0,Primary (1-8),1,4,1,1,1,0.407,87.5,1
APP_2844,Female,19,SC,264100.0,sanitation,373000.0,336000.0,10.0,Higher Secondary (12th),0,1,1,1,1,0.223,99.0,1
APP_2845,Female,31,SC,668600.0,green_energy,585000.0,556000.0,5.0,Graduate,1,0,0,1,1,0.146,15.3,0
APP_2846,Male,40,SC,280400.0,sanitation,1282000.0,1154000.0,10.0,Primary (1-8),0,0,1,1,1,0.721,51.6,1
APP_2847,Male,33,SC,225300.0,term_loan,151000.0,136000.0,20.0,Higher Secondary (12th),1,0,1,1,1,0.14,97.9,1
APP_2848,Male,35,SC,201800.0,term_loan,725000.0,652000.0,5.0,Higher Secondary (12th),0,6,1,1,1,0.75,60.5,1
APP_2849,Male,30,SC,279600.0,education,1151000.0,1036000.0,5.0,Secondary (10th),0,5,1,1,1,0.65,60.7,1
APP_2850,Female,37,Safai Karamchari / Dependent,296300.0,micro_finance,45600.0,43300.0,2.0,Primary (1-8),0,2,0,1,1,0.053,78.3,1
APP_2851,Male,39,SC,285400.0,term_loan,1745000.0,1570000.0,5.0,Post Graduate / Professional,1,4,1,1,1,1.276,64.7,1
APP_2852,Female,27,SC,150800.0,green_energy,197000.0,167000.0,15.0,Secondary (10th),0,5,1,1,1,0.194,99.0,1
APP_2853,Male,30,Safai Karamchari / Dependent,72900.0,micro_finance,127700.0,114900.0,5.0,No Formal Education,0,6,1,1,1,0.575,99.0,1
APP_2854,Female,42,SC,282200.0,term_loan,3391000.0,3052000.0,20.0,Graduate,1,9,1,1,1,2.509,75.6,1
APP_2855,Male,41,SC,254300.0,sanitation,867000.0,824000.0,5.0,Graduate,1,7,1,1,1,0.568,91.1,1
APP_2856,Male,54,SC,112200.0,green_energy,943000.0,802000.0,15.0,Higher Secondary (12th),0,0,1,1,1,1.253,50.7,1
APP_2857,Male,33,SC,502400.0,sanitation,165000.0,148000.0,10.0,Higher Secondary (12th),1,0,1,1,1,0.052,38.2,0
APP_2858,Female,35,SC,418600.0,term_loan,641000.0,577000.0,10.0,Post Graduate / Professional,1,0,1,1,1,0.32,99.0,1
APP_2859,Male,18,OBC,216200.0,sanitation,1355000.0,1328000.0,2.0,Secondary (10th),1,2,0,1,1,1.077,5.0,0
APP_2860,Female,33,SC,297100.0,micro_finance,125100.0,118800.0,2.0,Graduate,1,5,0,1,1,0.146,75.1,1
APP_2861,Female,26,Safai Karamchari / Dependent,364600.0,green_energy,687000.0,618000.0,10.0,Higher Secondary (12th),0,0,1,1,1,0.297,99.0,1
APP_2862,Male,27,SC,214300.0,term_loan,2648000.0,2383000.0,5.0,Secondary (10th),0,0,1,1,1,2.58,49.4,1
APP_2863,Male,23,General,233600.0,green_energy,927000.0,834000.0,10.0,Secondary (10th),0,1,0,1,0,0.626,5.0,0
APP_2864,Female,38,Safai Karamchari / Dependent,162800.0,education,1154000.0,1039000.0,5.0,Secondary (10th),0,1,1,1,1,1.119,80.0,1
APP_2865,Male,47,ST,108300.0,micro_finance,116500.0,104800.0,0.0,Graduate,1,0,0,1,1,0.353,5.0,0
APP_2866,Female,35,SC,136500.0,term_loan,1881000.0,1693000.0,20.0,Post Graduate / Professional,1,8,1,1,1,2.877,72.8,1
APP_2867,Male,26,SC,84000.0,education,2418000.0,2176000.0,5.0,Secondary (10th),1,2,1,1,1,4.541,60.0,1
APP_2868,Male,30,SC,91900.0,sanitation,1398000.0,1328000.0,5.0,No Formal Education,1,3,1,1,1,2.533,68.1,1
APP_2869,Male,26,SC,201300.0,education,1223000.0,1101000.0,5.0,No Formal Education,0,0,1,1,1,0.959,42.7,0
APP_2870,Other,39,SC,260800.0,sanitation,1659000.0,1626000.0,2.0,Higher Secondary (12th),0,2,0,1,1,1.093,17.0,0
APP_2871,Female,25,OBC,110900.0,sanitation,1322000.0,1296000.0,2.0,Primary (1-8),0,6,1,1,1,2.049,5.0,0
APP_2872,Female,26,General,126700.0,sanitation,231000.0,219000.0,5.0,Higher Secondary (12th),1,0,1,1,1,0.303,54.6,0
APP_2873,Male,36,ST,658100.0,green_energy,1335000.0,1268000.0,5.0,Graduate,1,3,1,1,1,0.338,5.0,0
APP_2874,Male,55,SC,279400.0,green_energy,776000.0,698000.0,10.0,Higher Secondary (12th),1,1,1,1,1,0.438,96.1,1
APP_2875,Male,34,SC,113500.0,micro_finance,50100.0,45100.0,0.0,Graduate,1,0,1,1,1,0.145,99.0,1
APP_2876,Female,34,Safai Karamchari / Dependent,95300.0,green_energy,1327000.0,1261000.0,5.0,Graduate,1,9,1,1,0,2.32,22.6,0
APP_2877,Female,40,SC,64200.0,term_loan,886000.0,797000.0,15.0,Primary (1-8),1,5,1,1,1,2.88,73.0,1
APP_2878,Male,36,SC,289400.0,education,355000.0,320000.0,5.0,No Formal Education,0,0,1,1,1,0.194,92.5,1
APP_2879,Female,34,SC,261400.0,term_loan,1382000.0,1244000.0,20.0,Higher Secondary (12th),0,4,1,1,1,1.104,56.4,1
APP_2880,Female,31,ST,214300.0,term_loan,2932000.0,2639000.0,20.0,Higher Secondary (12th),0,2,1,1,1,2.857,5.0,0
APP_2881,Female,45,Safai Karamchari / Dependent,228000.0,sanitation,830000.0,813000.0,2.0,Graduate,1,0,0,1,1,0.625,38.8,0
APP_2882,Other,39,SC,605700.0,micro_finance,76200.0,68600.0,2.0,Primary (1-8),1,2,1,1,1,0.041,51.8,0
APP_2883,Female,27,SC,284100.0,education,2325000.0,2092000.0,0.0,Primary (1-8),0,0,1,1,1,1.291,66.3,1
APP_2884,Male,36,SC,101100.0,sanitation,996000.0,896000.0,10.0,No Formal Education,0,3,1,1,1,1.554,70.3,1
APP_2885,Male,40,SC,192500.0,sanitation,1639000.0,1557000.0,5.0,Secondary (10th),0,3,1,1,1,1.418,58.7,1
APP_2886,Female,33,SC,256500.0,education,2173000.0,1956000.0,10.0,Higher Secondary (12th),1,4,1,1,1,1.337,70.8,1
APP_2887,Male,33,SC,193900.0,education,812000.0,731000.0,10.0,Post Graduate / Professional,1,7,1,1,1,0.661,74.3,1
APP_2888,Male,28,SC,109300.0,term_loan,238000.0,214000.0,10.0,Post Graduate / Professional,1,8,1,1,1,0.454,89.2,1
APP_2889,Female,36,OBC,204600.0,micro_finance,95800.0,91000.0,5.0,Higher Secondary (12th),0,6,1,1,1,0.162,51.3,0
APP_2890,Male,25,SC,243000.0,sanitation,1070000.0,1049000.0,2.0,Graduate,1,0,1,1,1,0.757,54.3,1
APP_2891,Female,20,SC,91700.0,sanitation,1014000.0,994000.0,2.0,Secondary (10th),1,1,1,1,1,1.9,62.5,1
APP_2892,Male,30,Safai Karamchari / Dependent,205800.0,sanitation,963000.0,944000.0,2.0,Primary (1-8),1,2,1,1,1,0.804,66.3,1
APP_2893,Male,18,Safai Karamchari / Dependent,698600.0,green_energy,408000.0,367000.0,10.0,Higher Secondary (12th),1,4,1,1,1,0.092,56.3,0
APP_2894,Male,36,SC,340100.0,term_loan,1418000.0,1276000.0,5.0,Higher Secondary (12th),0,1,1,1,1,0.87,57.1,1
APP_2895,Male,28,SC,237400.0,micro_finance,82000.0,73800.0,5.0,Primary (1-8),1,0,0,1,1,0.113,69.3,1
APP_2896,Female,43,SC,72300.0,micro_finance,130400.0,123900.0,0.0,Higher Secondary (12th),0,0,0,1,1,0.626,20.3,0
APP_2897,Female,37,General,210700.0,term_loan,1665000.0,1498000.0,5.0,Higher Secondary (12th),0,1,1,0,1,1.649,7.8,0
APP_2898,Female,45,ST,293600.0,sanitation,1628000.0,1465000.0,10.0,Primary (1-8),0,3,1,1,1,0.875,20.9,0
APP_2899,Female,38,Safai Karamchari / Dependent,245300.0,education,1836000.0,1652000.0,5.0,Post Graduate / Professional,1,1,1,1,1,1.181,76.1,1
APP_2900,Female,20,Safai Karamchari / Dependent,110000.0,education,368000.0,331000.0,10.0,Graduate,1,2,1,1,1,0.528,99.0,1
APP_2901,Male,40,SC,290800.0,term_loan,3130000.0,2817000.0,10.0,Higher Secondary (12th),1,5,1,1,1,2.247,61.6,1
APP_2902,Male,48,General,102000.0,education,299000.0,269000.0,10.0,Secondary (10th),0,3,1,1,1,0.462,32.1,0
APP_2903,Male,44,SC,109800.0,green_energy,544000.0,490000.0,10.0,Graduate,1,1,1,1,1,0.782,59.4,1
APP_2904,Female,48,SC,210500.0,sanitation,609000.0,548000.0,10.0,Primary (1-8),1,1,1,1,1,0.456,99.0,1
APP_2905,Female,30,SC,192400.0,term_loan,2635000.0,2372000.0,15.0,Graduate,1,5,1,1,1,2.86,65.7,1
APP_2906,Female,34,ST,121200.0,green_energy,909000.0,773000.0,15.0,Secondary (10th),0,3,1,0,1,1.118,11.8,0
APP_2907,Male,40,SC,117900.0,term_loan,925000.0,832000.0,5.0,Graduate,1,6,1,1,1,1.637,62.1,1
APP_2908,Male,31,SC,256600.0,micro_finance,34000.0,30600.0,2.0,Secondary (10th),0,0,1,1,0,0.044,40.4,0
APP_2909,Female,20,SC,135200.0,green_energy,682000.0,648000.0,5.0,Primary (1-8),0,1,0,1,1,0.84,26.3,0
APP_2910,Female,31,SC,207300.0,term_loan,2245000.0,2020000.0,5.0,Graduate,1,3,1,1,1,2.261,81.2,1
APP_2911,Male,31,SC,173800.0,green_energy,761000.0,723000.0,5.0,Secondary (10th),0,0,1,1,1,0.729,51.7,1
APP_2912,Male,20,SC,144100.0,micro_finance,75000.0,67500.0,10.0,Graduate,1,9,1,1,1,0.171,99.0,1
APP_2913,Female,25,SC,90800.0,micro_finance,46200.0,43900.0,5.0,Higher Secondary (12th),0,2,0,1,1,0.177,70.7,1
APP_2914,Male,43,SC,264200.0,term_loan,1161000.0,1045000.0,5.0,Primary (1-8),1,2,1,1,1,0.918,68.1,1
APP_2915,Female,19,OBC,140300.0,sanitation,221000.0,199000.0,10.0,Post Graduate / Professional,1,2,1,1,1,0.249,51.5,0
APP_2916,Male,29,SC,188000.0,education,1377000.0,1239000.0,10.0,No Formal Education,0,0,1,1,1,1.155,53.7,1
APP_2917,Female,45,Safai Karamchari / Dependent,149700.0,education,1247000.0,1122000.0,10.0,Graduate,1,2,1,1,1,1.314,82.1,1
APP_2918,Male,27,SC,111300.0,green_energy,331000.0,281000.0,15.0,No Formal Education,1,0,1,1,1,0.443,89.5,1
APP_2919,Female,42,SC,186800.0,green_energy,655000.0,622000.0,5.0,No Formal Education,0,8,1,1,1,0.584,94.7,1
APP_2920,Female,30,OBC,164000.0,micro_finance,84200.0,80000.0,2.0,Higher Secondary (12th),0,0,1,1,1,0.178,41.9,0
APP_2921,Female,37,SC,185900.0,green_energy,721000.0,685000.0,5.0,Secondary (10th),0,0,1,1,1,0.646,67.6,1
APP_2922,Female,18,SC,107500.0,micro_finance,130900.0,124400.0,0.0,Secondary (10th),1,4,1,1,1,0.422,97.2,1
APP_2923,Female,36,SC,472700.0,micro_finance,60200.0,57200.0,5.0,Graduate,1,0,1,1,1,0.044,54.9,0
APP_2924,Female,31,Safai Karamchari / Dependent,158100.0,micro_finance,24400.0,23200.0,5.0,No Formal Education,1,2,1,1,1,0.054,99.0,1
APP_2925,Female,44,SC,184600.0,green_energy,324000.0,308000.0,5.0,Primary (1-8),1,7,1,1,1,0.292,99.0,1
APP_2926,Male,35,SC,217200.0,term_loan,518000.0,466000.0,5.0,Graduate,1,6,1,1,1,0.498,99.0,1
APP_2927,Female,26,SC,103600.0,sanitation,820000.0,804000.0,2.0,Higher Secondary (12th),1,1,1,1,1,1.36,57.0,1
APP_2928,Male,18,SC,104600.0,green_energy,690000.0,621000.0,10.0,Higher Secondary (12th),0,11,1,1,1,1.041,58.6,1
APP_2929,Female,28,SC,254500.0,green_energy,1434000.0,1362000.0,5.0,Secondary (10th),0,2,1,1,1,0.938,66.5,1
APP_2930,Female,32,SC,146500.0,term_loan,2544000.0,2290000.0,10.0,Secondary (10th),0,1,1,1,0,3.626,5.0,0
APP_2931,Female,39,SC,124200.0,green_energy,1181000.0,1063000.0,10.0,Post Graduate / Professional,1,1,1,1,1,1.5,74.0,1
APP_2932,Female,22,SC,298200.0,green_energy,446000.0,401000.0,10.0,Graduate,1,5,1,1,1,0.236,99.0,1
APP_2933,Male,32,SC,220100.0,education,898000.0,808000.0,10.0,Secondary (10th),0,0,0,1,1,0.644,27.2,0
APP_2934,Male,37,SC,129500.0,sanitation,1767000.0,1590000.0,10.0,Higher Secondary (12th),1,2,0,1,1,2.152,35.7,0
APP_2935,Female,38,SC,579100.0,green_energy,715000.0,679000.0,5.0,Higher Secondary (12th),0,11,1,1,0,0.206,53.1,0
APP_2936,Female,39,SC,119100.0,education,1478000.0,1330000.0,5.0,Higher Secondary (12th),1,0,1,1,1,1.958,67.2,1
APP_2937,Male,39,Safai Karamchari / Dependent,249000.0,term_loan,447000.0,402000.0,5.0,Secondary (10th),1,1,0,1,1,0.375,69.6,1
APP_2938,Male,41,SC,118800.0,sanitation,1044000.0,1023000.0,2.0,Secondary (10th),1,8,1,1,1,1.51,62.1,1
APP_2939,Male,30,SC,255500.0,micro_finance,135100.0,121600.0,0.0,Secondary (10th),1,3,1,1,1,0.174,96.8,1
APP_2940,Male,22,SC,244400.0,micro_finance,114000.0,102600.0,10.0,Secondary (10th),1,3,1,1,1,0.153,96.1,1
APP_2941,Female,43,Safai Karamchari / Dependent,157300.0,term_loan,3681000.0,3313000.0,10.0,Secondary (10th),0,1,1,1,1,4.886,63.6,1
APP_2942,Female,36,SC,181400.0,education,1689000.0,1520000.0,10.0,Primary (1-8),0,0,1,1,1,1.469,66.7,1
APP_2943,Female,34,SC,310200.0,green_energy,1071000.0,910000.0,15.0,Primary (1-8),1,1,1,1,0,0.514,40.9,0
APP_2944,Female,23,Safai Karamchari / Dependent,87300.0,micro_finance,113100.0,107400.0,2.0,Secondary (10th),1,3,1,1,1,0.449,99.0,1
APP_2945,Female,34,OBC,280200.0,term_loan,1764000.0,1588000.0,20.0,Higher Secondary (12th),1,0,1,1,1,1.315,13.0,0
APP_2946,Male,20,SC,81300.0,micro_finance,27400.0,24700.0,0.0,Graduate,1,6,1,1,1,0.111,99.0,1
APP_2947,Female,21,SC,531300.0,sanitation,1450000.0,1305000.0,10.0,Higher Secondary (12th),0,0,1,1,1,0.431,36.6,0
APP_2948,Male,27,SC,259400.0,term_loan,1756000.0,1580000.0,20.0,Graduate,1,5,1,1,0,1.413,16.4,0
APP_2949,Male,28,SC,289100.0,sanitation,1562000.0,1484000.0,5.0,Secondary (10th),0,2,1,1,1,0.9,54.8,1
APP_2950,Female,28,SC,226900.0,micro_finance,87900.0,83500.0,0.0,Secondary (10th),0,0,1,1,1,0.134,92.1,1
APP_2951,Female,18,Safai Karamchari / Dependent,228500.0,micro_finance,30400.0,27400.0,10.0,Primary (1-8),0,8,1,1,1,0.044,99.0,1
APP_2952,Other,32,SC,268200.0,micro_finance,39400.0,35500.0,0.0,Primary (1-8),1,2,1,1,1,0.048,99.0,1
APP_2953,Female,20,SC,245400.0,education,1550000.0,1395000.0,5.0,Secondary (10th),0,0,1,1,1,0.997,60.9,1
APP_2954,Female,34,SC,315000.0,sanitation,1311000.0,1245000.0,5.0,Higher Secondary (12th),1,1,0,1,1,0.693,5.0,0
APP_2955,Female,37,SC,128200.0,education,196000.0,176000.0,10.0,Primary (1-8),0,2,1,1,1,0.241,99.0,1
APP_2956,Male,37,SC,191500.0,green_energy,1249000.0,1124000.0,10.0,Primary (1-8),1,0,1,1,1,1.029,61.7,1
APP_2957,Female,27,SC,233000.0,micro_finance,27800.0,25000.0,10.0,Secondary (10th),0,0,1,1,1,0.039,98.2,1
APP_2958,Female,40,SC,295700.0,education,1527000.0,1374000.0,0.0,No Formal Education,1,3,0,1,1,0.815,33.9,0
APP_2959,Female,40,SC,147700.0,green_energy,1201000.0,1081000.0,10.0,Graduate,1,0,1,1,1,1.283,69.3,1
APP_2960,Female,36,SC,157200.0,term_loan,250000.0,225000.0,20.0,Graduate,1,3,1,1,1,0.332,99.0,1
APP_2961,Female,33,SC,451200.0,education,1649000.0,1484000.0,5.0,Graduate,1,3,1,1,1,0.577,47.6,0
APP_2962,Male,42,SC,255100.0,micro_finance,69100.0,62200.0,0.0,Higher Secondary (12th),0,1,1,1,1,0.089,97.0,1
APP_2963,Female,32,SC,232800.0,term_loan,619000.0,557000.0,10.0,Primary (1-8),1,0,1,1,1,0.555,95.7,1
APP_2964,Male,33,SC,510400.0,micro_finance,62900.0,56600.0,5.0,No Formal Education,1,1,1,1,1,0.04,50.3,0
APP_2965,Male,33,SC,340700.0,sanitation,319000.0,313000.0,2.0,Secondary (10th),1,1,1,1,1,0.161,49.9,0
APP_2966,Male,36,SC,202100.0,green_energy,1397000.0,1327000.0,5.0,Higher Secondary (12th),0,3,1,1,1,1.151,61.2,1
APP_2967,Male,34,SC,185800.0,green_energy,189000.0,161000.0,15.0,No Formal Education,1,5,0,1,1,0.152,69.1,1
APP_2968,Female,30,SC,242200.0,education,1984000.0,1786000.0,10.0,Higher Secondary (12th),1,7,1,1,1,1.293,72.5,1
APP_2969,Female,18,ST,68700.0,green_energy,265000.0,225000.0,15.0,Higher Secondary (12th),0,0,1,1,1,0.574,26.5,0
APP_2970,Other,29,SC,66000.0,green_energy,1494000.0,1345000.0,10.0,Secondary (10th),0,2,1,1,1,3.572,65.5,1
APP_2971,Male,44,Safai Karamchari / Dependent,280300.0,sanitation,555000.0,500000.0,10.0,Secondary (10th),0,10,1,1,1,0.313,99.0,1
APP_2972,Male,18,Safai Karamchari / Dependent,133500.0,education,1939000.0,1745000.0,10.0,Higher Secondary (12th),1,10,0,1,1,2.291,43.7,0
APP_2973,Male,21,SC,274500.0,green_energy,852000.0,724000.0,15.0,Secondary (10th),1,0,1,1,1,0.462,96.8,1
APP_2974,Female,30,Safai Karamchari / Dependent,274500.0,term_loan,470000.0,423000.0,15.0,Primary (1-8),0,3,0,1,1,0.357,86.1,1
APP_2975,Male,21,SC,112800.0,education,130000.0,117000.0,5.0,Primary (1-8),0,3,1,1,1,0.182,99.0,1
APP_2976,Female,32,SC,179700.0,green_energy,1378000.0,1240000.0,10.0,Graduate,1,2,1,1,1,1.21,71.7,1
APP_2977,Male,48,SC,61100.0,term_loan,273000.0,246000.0,5.0,Secondary (10th),1,6,1,1,1,0.934,65.0,1
APP_2978,Male,35,SC,170000.0,green_energy,1292000.0,1098000.0,15.0,Graduate,1,9,1,1,1,1.132,60.1,1
APP_2979,Female,36,SC,299200.0,term_loan,970000.0,873000.0,10.0,Higher Secondary (12th),1,1,1,1,1,0.677,71.4,1
APP_2980,Female,24,SC,186100.0,micro_finance,47200.0,44800.0,5.0,No Formal Education,0,0,1,1,1,0.088,90.3,1
APP_2981,Male,26,SC,130900.0,sanitation,398000.0,390000.0,2.0,Graduate,1,0,1,1,1,0.522,83.1,1
APP_2982,Male,35,SC,102300.0,term_loan,1714000.0,1543000.0,10.0,Secondary (10th),0,3,1,1,1,3.499,63.6,1
APP_2983,Male,31,OBC,115400.0,education,460000.0,414000.0,0.0,Secondary (10th),0,3,1,1,1,0.629,5.0,0
APP_2984,Female,38,SC,117400.0,green_energy,479000.0,431000.0,10.0,Higher Secondary (12th),0,1,1,1,1,0.644,66.1,1
APP_2985,Female,39,SC,83900.0,micro_finance,37500.0,35600.0,5.0,Secondary (10th),0,0,1,1,1,0.155,91.7,1
APP_2986,Female,27,SC,167900.0,education,2494000.0,2245000.0,0.0,Primary (1-8),1,1,1,1,0,2.344,6.7,0
APP_2987,Male,28,SC,210600.0,term_loan,1942000.0,1748000.0,5.0,Primary (1-8),1,0,1,1,1,1.926,66.3,1
APP_2988,Male,44,SC,241700.0,micro_finance,43500.0,39200.0,0.0,Graduate,1,0,0,1,1,0.059,62.1,1
APP_2989,Female,32,SC,215500.0,green_energy,1176000.0,1117000.0,5.0,Primary (1-8),0,4,1,1,1,0.909,64.8,1
APP_2990,Female,45,SC,251300.0,education,1592000.0,1433000.0,0.0,Primary (1-8),1,11,1,1,1,1.0,71.1,1
APP_2991,Female,38,SC,162600.0,green_energy,603000.0,573000.0,5.0,Primary (1-8),0,2,1,1,1,0.618,74.5,1
APP_2992,Female,24,SC,215300.0,term_loan,1565000.0,1408000.0,10.0,Graduate,1,3,1,1,1,1.517,73.2,1
APP_2993,Female,39,OBC,259200.0,micro_finance,112700.0,107100.0,2.0,Secondary (10th),0,3,0,1,1,0.151,5.0,0
APP_2994,Female,45,SC,218100.0,micro_finance,80300.0,72300.0,10.0,Secondary (10th),1,1,0,1,1,0.121,74.0,1
APP_2995,Female,49,SC,223900.0,education,1079000.0,971000.0,10.0,No Formal Education,0,3,0,1,1,0.76,21.4,0
APP_2996,Female,29,SC,625800.0,micro_finance,116500.0,110700.0,2.0,Higher Secondary (12th),1,3,1,1,1,0.065,61.6,0
APP_2997,Male,47,SC,177100.0,term_loan,3975000.0,3578000.0,15.0,Graduate,1,0,1,1,0,4.687,5.0,0
APP_2998,Male,33,SC,207300.0,education,2445000.0,2200000.0,5.0,Secondary (10th),0,7,1,1,1,1.86,52.7,1
APP_2999,Female,40,SC,133600.0,sanitation,1288000.0,1224000.0,5.0,No Formal Education,0,2,1,1,1,1.606,68.2,1
APP_3000,Male,24,ST,221300.0,sanitation,1746000.0,1711000.0,2.0,Higher Secondary (12th),0,5,1,1,0,1.355,5.0,0
APP_3001,Male,37,SC,111700.0,education,1737000.0,1563000.0,5.0,Graduate,1,8,1,1,1,2.453,65.7,1
APP_3002,Male,34,SC,130200.0,education,1274000.0,1147000.0,10.0,Post Graduate / Professional,1,3,1,1,1,1.544,70.5,1
APP_3003,Male,29,OBC,171300.0,education,2203000.0,1983000.0,5.0,Primary (1-8),0,3,1,1,1,2.029,5.0,0
APP_3004,Male,33,SC,168700.0,term_loan,2770000.0,2493000.0,10.0,Higher Secondary (12th),1,0,1,1,1,3.428,59.3,1
APP_3005,Male,29,SC,281400.0,sanitation,1028000.0,925000.0,10.0,Secondary (10th),1,1,1,1,1,0.576,86.4,1
APP_3006,Female,27,SC,93200.0,sanitation,1608000.0,1576000.0,2.0,No Formal Education,0,2,1,1,1,2.964,64.0,1
APP_3007,Male,36,SC,120800.0,education,2415000.0,2174000.0,10.0,Primary (1-8),0,3,1,1,1,3.155,53.6,1
APP_3008,Female,48,Safai Karamchari / Dependent,294600.0,green_energy,879000.0,791000.0,10.0,Secondary (10th),0,1,1,1,1,0.471,99.0,1
APP_3009,Male,30,SC,656300.0,education,2202000.0,1982000.0,10.0,Primary (1-8),0,2,1,1,1,0.529,42.5,0
APP_3010,Female,44,SC,148700.0,micro_finance,124100.0,117900.0,2.0,Secondary (10th),0,1,0,1,1,0.289,70.7,1
APP_3011,Female,36,SC,275900.0,education,1811000.0,1630000.0,10.0,Higher Secondary (12th),0,0,1,1,1,1.036,65.5,1
APP_3012,Male,44,Safai Karamchari / Dependent,121300.0,sanitation,229000.0,218000.0,5.0,No Formal Education,1,6,1,1,1,0.315,99.0,1
APP_3013,Male,21,Safai Karamchari / Dependent,212200.0,micro_finance,32400.0,29200.0,2.0,Secondary (10th),0,0,1,1,1,0.05,99.0,1
APP_3014,Female,32,SC,452600.0,micro_finance,73700.0,66300.0,10.0,Graduate,1,4,1,1,1,0.053,64.9,0
APP_3015,Female,32,SC,341100.0,micro_finance,127700.0,121300.0,2.0,Secondary (10th),1,0,1,1,1,0.13,53.8,0
APP_3016,Other,42,SC,80400.0,green_energy,921000.0,829000.0,10.0,Secondary (10th),0,5,1,1,1,1.808,60.2,1
APP_3017,Female,35,ST,267600.0,green_energy,599000.0,509000.0,15.0,Primary (1-8),1,2,1,1,1,0.333,52.9,0
APP_3018,Female,43,Safai Karamchari / Dependent,119300.0,green_energy,1435000.0,1363000.0,5.0,Secondary (10th),0,1,1,1,1,2.003,71.5,1
APP_3019,Male,27,SC,580200.0,green_energy,602000.0,572000.0,5.0,No Formal Education,1,1,1,1,1,0.173,46.8,0
APP_3020,Male,37,SC,246300.0,green_energy,159000.0,135000.0,15.0,Secondary (10th),1,1,1,1,1,0.096,99.0,1
APP_3021,Male,51,Safai Karamchari / Dependent,136000.0,green_energy,1011000.0,859000.0,15.0,Higher Secondary (12th),1,0,1,1,0,1.107,12.7,0
APP_3022,Female,49,SC,172100.0,green_energy,407000.0,387000.0,5.0,Secondary (10th),0,7,1,1,1,0.394,99.0,1
APP_3023,Male,47,SC,637800.0,green_energy,1433000.0,1290000.0,10.0,Secondary (10th),0,0,0,1,1,0.355,10.6,0
APP_3024,Female,27,SC,175400.0,sanitation,1058000.0,1005000.0,5.0,Primary (1-8),0,9,1,1,1,1.004,72.3,1
APP_3025,Female,42,SC,356300.0,micro_finance,55400.0,52600.0,5.0,Secondary (10th),0,0,0,1,1,0.054,17.1,0
APP_3026,Other,52,SC,282700.0,green_energy,1111000.0,1000000.0,10.0,Graduate,1,5,1,1,1,0.62,62.0,1
APP_3027,Female,31,Safai Karamchari / Dependent,169300.0,sanitation,662000.0,596000.0,10.0,Higher Secondary (12th),0,6,1,1,1,0.617,78.7,1
APP_3028,Female,18,SC,98800.0,education,2074000.0,1867000.0,5.0,Graduate,1,1,1,1,1,3.313,76.8,1
APP_3029,Male,48,OBC,261100.0,green_energy,932000.0,839000.0,10.0,Primary (1-8),0,1,1,1,1,0.563,27.8,0
APP_3030,Male,47,SC,140300.0,green_energy,1215000.0,1033000.0,15.0,Primary (1-8),0,4,1,1,1,1.291,64.7,1
APP_3031,Female,18,Safai Karamchari / Dependent,62100.0,micro_finance,80500.0,76500.0,2.0,Secondary (10th),0,0,1,1,1,0.45,94.5,1
APP_3032,Male,43,ST,381300.0,education,851000.0,766000.0,10.0,Secondary (10th),1,1,1,1,1,0.352,5.0,0
APP_3033,Male,30,SC,120500.0,education,667000.0,600000.0,10.0,Secondary (10th),0,2,1,1,1,0.873,61.2,1
APP_3034,Male,34,SC,286200.0,term_loan,3806000.0,3425000.0,10.0,Graduate,1,0,1,1,1,2.776,54.6,1
APP_3035,Male,46,SC,660700.0,green_energy,1484000.0,1336000.0,10.0,Higher Secondary (12th),1,5,1,1,1,0.354,49.8,0
APP_3036,Female,18,SC,133000.0,term_loan,3023000.0,2721000.0,5.0,Secondary (10th),0,2,1,1,1,4.746,74.7,1
APP_3037,Male,44,SC,381200.0,term_loan,370000.0,333000.0,10.0,Post Graduate / Professional,1,2,1,1,1,0.203,99.0,1
APP_3038,Male,22,Safai Karamchari / Dependent,63100.0,sanitation,1823000.0,1787000.0,2.0,Higher Secondary (12th),0,5,1,1,1,4.965,63.1,1
APP_3039,Female,24,SC,285700.0,sanitation,1722000.0,1550000.0,10.0,Post Graduate / Professional,1,5,1,1,1,0.951,75.6,1
APP_3040,Female,25,SC,602400.0,education,1592000.0,1433000.0,0.0,Higher Secondary (12th),1,2,0,1,1,0.417,8.3,0
APP_3041,Female,28,SC,100900.0,green_energy,1387000.0,1318000.0,5.0,Secondary (10th),0,1,1,1,1,2.29,59.3,1
APP_3042,Female,45,ST,528800.0,sanitation,1582000.0,1424000.0,10.0,Post Graduate / Professional,1,2,1,0,1,0.472,5.0,0
APP_3043,Female,29,Safai Karamchari / Dependent,314500.0,term_loan,1493000.0,1344000.0,10.0,Higher Secondary (12th),0,2,1,1,1,0.991,72.2,1
APP_3044,Male,36,SC,93500.0,term_loan,2297000.0,2067000.0,5.0,Higher Secondary (12th),1,2,1,1,0,5.129,6.8,0
APP_3045,Male,36,Safai Karamchari / Dependent,255000.0,education,1114000.0,1003000.0,10.0,Graduate,1,8,1,1,1,0.69,75.7,1
APP_3046,Male,30,OBC,116700.0,sanitation,1135000.0,1022000.0,10.0,Higher Secondary (12th),1,7,1,1,1,1.535,5.0,0
APP_3047,Female,32,SC,104200.0,term_loan,1814000.0,1633000.0,20.0,Secondary (10th),0,2,1,1,1,3.636,67.9,1
APP_3048,Female,34,SC,100600.0,green_energy,893000.0,759000.0,15.0,Higher Secondary (12th),0,1,1,1,1,1.323,60.0,1
APP_3049,Male,55,Safai Karamchari / Dependent,85500.0,sanitation,715000.0,644000.0,10.0,Secondary (10th),0,7,1,0,1,1.32,5.2,0
APP_3050,Male,27,SC,290300.0,micro_finance,83900.0,75500.0,5.0,No Formal Education,1,5,1,1,1,0.095,99.0,1
APP_3051,Female,18,OBC,175900.0,green_energy,937000.0,796000.0,15.0,No Formal Education,0,0,1,0,1,0.793,5.0,0
APP_3052,Female,41,SC,79300.0,green_energy,304000.0,274000.0,10.0,Secondary (10th),1,0,1,1,1,0.606,72.0,1
APP_3053,Female,37,SC,103400.0,sanitation,1901000.0,1711000.0,10.0,Graduate,1,8,1,1,1,2.901,76.6,1
APP_3054,Male,38,SC,270500.0,term_loan,1459000.0,1313000.0,5.0,No Formal Education,0,1,1,1,1,1.126,53.7,1
APP_3055,Male,28,SC,204200.0,sanitation,384000.0,376000.0,2.0,Primary (1-8),0,0,1,1,1,0.323,90.4,1
APP_3056,Female,30,SC,247800.0,sanitation,1047000.0,1026000.0,2.0,No Formal Education,1,1,1,1,1,0.726,73.6,1
APP_3057,Female,39,Safai Karamchari / Dependent,147200.0,green_energy,784000.0,666000.0,15.0,Higher Secondary (12th),0,0,1,1,1,0.793,65.8,1
APP_3058,Male,29,Safai Karamchari / Dependent,287000.0,micro_finance,135300.0,121800.0,5.0,Graduate,1,2,0,1,1,0.155,73.9,1
APP_3059,Male,21,Safai Karamchari / Dependent,132900.0,sanitation,1886000.0,1848000.0,2.0,Primary (1-8),0,11,1,1,1,2.438,57.5,1
APP_3060,Male,32,SC,505600.0,sanitation,1366000.0,1298000.0,5.0,Secondary (10th),0,1,1,1,1,0.45,30.2,0
APP_3061,Male,30,OBC,265100.0,education,2094000.0,1885000.0,0.0,Secondary (10th),1,0,1,1,1,1.246,5.0,0
APP_3062,Female,39,SC,181900.0,green_energy,972000.0,923000.0,5.0,Primary (1-8),0,2,1,1,1,0.89,75.1,1
APP_3063,Female,22,ST,299200.0,education,1751000.0,1576000.0,10.0,No Formal Education,1,2,1,1,1,0.923,17.6,0
APP_3064,Other,18,SC,124600.0,education,1202000.0,1082000.0,10.0,Graduate,1,10,1,1,0,1.522,13.8,0
APP_3065,Male,38,SC,167200.0,sanitation,1838000.0,1746000.0,5.0,Graduate,1,0,1,1,1,1.831,65.8,1
APP_3066,Male,33,OBC,194900.0,education,149000.0,134000.0,5.0,Primary (1-8),0,0,1,1,1,0.121,30.1,0
APP_3067,Female,18,SC,290300.0,micro_finance,31300.0,29700.0,2.0,Secondary (10th),0,3,1,1,1,0.037,99.0,1
APP_3068,Male,32,Safai Karamchari / Dependent,259800.0,term_loan,1423000.0,1281000.0,5.0,Higher Secondary (12th),0,1,1,1,1,1.144,57.8,1
APP_3069,Female,42,General,145900.0,sanitation,1781000.0,1692000.0,5.0,Primary (1-8),0,0,1,0,1,2.033,5.0,0
APP_3070,Female,34,SC,113600.0,education,546000.0,491000.0,10.0,Higher Secondary (12th),1,1,1,1,1,0.758,72.6,1
APP_3071,Male,28,Safai Karamchari / Dependent,210200.0,green_energy,939000.0,845000.0,10.0,No Formal Education,0,15,0,1,1,0.705,32.1,0
APP_3072,Male,34,SC,67500.0,education,1931000.0,1738000.0,0.0,Secondary (10th),0,2,1,1,1,4.514,53.4,1
APP_3073,Female,19,General,80800.0,education,848000.0,763000.0,5.0,Secondary (10th),0,4,1,0,1,1.655,22.2,0
APP_3074,Female,40,SC,66900.0,green_energy,498000.0,473000.0,5.0,Secondary (10th),0,0,1,1,1,1.239,58.8,1
APP_3075,Female,21,SC,163600.0,micro_finance,22400.0,21300.0,2.0,Graduate,1,6,0,1,1,0.048,76.8,1
APP_3076,Female,34,SC,207700.0,micro_finance,90800.0,86300.0,2.0,Graduate,1,1,1,1,1,0.152,99.0,1
APP_3077,Male,41,OBC,247600.0,micro_finance,119300.0,107400.0,0.0,Secondary (10th),1,2,0,1,1,0.158,5.0,0
APP_3078,Female,32,SC,131500.0,micro_finance,25500.0,24200.0,2.0,Secondary (10th),0,4,1,1,1,0.067,99.0,1
APP_3079,Male,59,SC,205500.0,education,235000.0,212000.0,10.0,Secondary (10th),0,1,1,1,1,0.181,83.0,1
APP_3080,Male,19,Safai Karamchari / Dependent,119700.0,micro_finance,126000.0,113400.0,5.0,Primary (1-8),0,4,0,1,1,0.346,60.5,1
APP_3081,Male,32,SC,137000.0,sanitation,875000.0,788000.0,10.0,Secondary (10th),0,0,0,1,1,1.008,22.2,0
APP_3082,Male,61,ST,98800.0,education,350000.0,315000.0,5.0,Primary (1-8),0,0,1,1,1,0.559,23.7,0
APP_3083,Female,37,SC,155300.0,sanitation,1810000.0,1720000.0,5.0,Secondary (10th),0,2,1,1,1,1.942,71.5,1
APP_3084,Female,44,SC,60200.0,education,1637000.0,1473000.0,5.0,Graduate,1,2,1,1,1,4.289,75.7,1
APP_3085,Female,32,SC,297200.0,micro_finance,20700.0,18600.0,10.0,Higher Secondary (12th),0,3,1,1,1,0.023,96.3,1
APP_3086,Male,43,SC,73300.0,term_loan,2439000.0,2195000.0,20.0,Secondary (10th),1,0,1,1,1,6.947,69.2,1
APP_3087,Male,25,Safai Karamchari / Dependent,224400.0,sanitation,973000.0,924000.0,5.0,Primary (1-8),1,0,1,1,1,0.722,71.3,1
APP_3088,Male,18,SC,632000.0,sanitation,1364000.0,1296000.0,5.0,Primary (1-8),1,3,1,1,1,0.359,55.4,0
APP_3089,Female,32,SC,60700.0,green_energy,467000.0,397000.0,15.0,Secondary (10th),1,0,1,1,1,1.147,65.8,1
APP_3090,Male,34,SC,152800.0,term_loan,618000.0,556000.0,20.0,Primary (1-8),0,4,1,1,1,0.844,61.3,1
APP_3091,Male,28,Safai Karamchari / Dependent,595300.0,micro_finance,92000.0,82800.0,10.0,Higher Secondary (12th),0,13,1,1,1,0.051,51.6,0
APP_3092,Female,28,SC,227700.0,micro_finance,32000.0,30400.0,0.0,Post Graduate / Professional,1,3,1,1,1,0.049,99.0,1
APP_3093,Male,18,SC,188000.0,education,1548000.0,1393000.0,0.0,Primary (1-8),0,0,1,1,1,1.299,51.5,1
APP_3094,Male,24,SC,132900.0,sanitation,593000.0,563000.0,5.0,Secondary (10th),0,0,1,1,1,0.743,59.1,1
APP_3095,Male,40,SC,116700.0,micro_finance,73500.0,66200.0,0.0,Higher Secondary (12th),0,1,1,1,1,0.207,98.9,1
APP_3096,Male,22,SC,156400.0,term_loan,3342000.0,3008000.0,20.0,Secondary (10th),0,3,1,1,1,4.462,57.0,1
APP_3097,Male,20,ST,128800.0,term_loan,3972000.0,3575000.0,10.0,Higher Secondary (12th),1,2,1,1,0,6.439,5.0,0
APP_3098,Male,40,SC,272600.0,green_energy,387000.0,348000.0,10.0,Primary (1-8),1,2,1,1,1,0.224,99.0,1
APP_3099,Female,18,SC,210300.0,green_energy,288000.0,274000.0,5.0,Primary (1-8),1,0,1,1,1,0.228,99.0,1
APP_3100,Female,36,SC,135200.0,green_energy,877000.0,745000.0,15.0,Secondary (10th),0,0,1,1,1,0.966,60.6,1
APP_3101,Male,25,SC,189900.0,sanitation,1024000.0,922000.0,10.0,Graduate,1,1,1,1,1,0.851,69.9,1
APP_3102,Male,18,SC,611800.0,education,1791000.0,1612000.0,10.0,Primary (1-8),0,0,1,1,1,0.462,27.4,0
APP_3103,Female,43,SC,150500.0,term_loan,3756000.0,3380000.0,10.0,Secondary (10th),1,3,1,1,1,5.21,68.7,1
APP_3104,Female,30,SC,87400.0,green_energy,1090000.0,981000.0,10.0,Higher Secondary (12th),0,0,1,1,1,1.968,54.0,1
APP_3105,Male,32,Safai Karamchari / Dependent,128400.0,sanitation,1267000.0,1140000.0,10.0,Higher Secondary (12th),1,0,0,1,1,1.556,36.1,0
APP_3106,Female,28,ST,297100.0,micro_finance,62700.0,59600.0,0.0,Secondary (10th),0,3,1,0,0,0.073,5.0,0
APP_3107,Female,21,SC,265000.0,green_energy,1318000.0,1186000.0,10.0,Secondary (10th),1,4,0,1,1,0.785,46.1,1
APP_3108,Female,19,OBC,167700.0,sanitation,438000.0,416000.0,5.0,Primary (1-8),0,3,1,1,1,0.435,39.9,0
APP_3109,Female,34,SC,510200.0,sanitation,1411000.0,1270000.0,10.0,Higher Secondary (12th),0,2,1,1,0,0.436,37.9,0
APP_3110,Female,40,SC,179900.0,micro_finance,71100.0,64000.0,10.0,Secondary (10th),0,7,1,1,1,0.13,99.0,1
APP_3111,Female,21,SC,78500.0,term_loan,2514000.0,2263000.0,15.0,Primary (1-8),1,1,1,1,1,6.688,67.6,1
APP_3112,Female,18,SC,239900.0,micro_finance,64600.0,61400.0,5.0,Secondary (10th),1,8,1,0,1,0.093,53.2,1
APP_3113,Male,21,Safai Karamchari / Dependent,264100.0,sanitation,1998000.0,1958000.0,2.0,Higher Secondary (12th),1,1,0,1,1,1.3,22.8,0
APP_3114,Female,38,SC,228100.0,micro_finance,42100.0,40000.0,0.0,Higher Secondary (12th),0,3,0,1,1,0.064,73.0,1
APP_3115,Male,43,ST,228800.0,green_energy,396000.0,376000.0,5.0,Secondary (10th),1,0,1,1,1,0.288,39.3,0
APP_3116,Female,34,SC,245400.0,education,689000.0,620000.0,0.0,No Formal Education,1,1,1,1,1,0.443,99.0,1
APP_3117,Male,52,SC,246000.0,green_energy,989000.0,841000.0,15.0,Secondary (10th),0,0,1,1,1,0.599,84.8,1
APP_3118,Female,32,SC,195000.0,green_energy,1161000.0,987000.0,15.0,Graduate,1,1,1,1,1,0.887,75.3,1
APP_3119,Male,32,Safai Karamchari / Dependent,156100.0,education,236000.0,212000.0,0.0,Primary (1-8),0,2,1,1,1,0.238,97.5,1
APP_3120,Female,49,SC,293900.0,term_loan,2869000.0,2582000.0,10.0,Secondary (10th),0,1,1,1,0,2.038,5.0,0
APP_3121,Male,34,SC,233200.0,micro_finance,117300.0,105600.0,0.0,Secondary (10th),0,5,1,1,1,0.165,97.3,1
APP_3122,Female,31,SC,134400.0,micro_finance,52200.0,49600.0,5.0,Higher Secondary (12th),0,1,1,1,0,0.135,43.5,0
APP_3123,Female,43,SC,240900.0,micro_finance,20900.0,19900.0,5.0,Secondary (10th),1,0,0,1,1,0.03,76.0,1
APP_3124,Female,39,SC,297500.0,sanitation,115000.0,104000.0,10.0,Primary (1-8),1,2,1,1,1,0.061,99.0,1
APP_3125,Male,35,SC,259400.0,micro_finance,36100.0,32500.0,5.0,Post Graduate / Professional,1,10,1,1,1,0.046,99.0,1
APP_3126,Male,18,SC,76900.0,green_energy,1018000.0,916000.0,10.0,Secondary (10th),0,3,1,1,0,2.088,5.0,0
APP_3127,Male,36,SC,230700.0,micro_finance,71900.0,64700.0,10.0,Secondary (10th),0,6,1,1,1,0.102,95.5,1
APP_3128,Male,25,SC,257500.0,micro_finance,113900.0,102500.0,2.0,Higher Secondary (12th),1,5,1,1,1,0.145,98.0,1
APP_3129,Female,32,SC,60500.0,term_loan,1785000.0,1606000.0,10.0,Secondary (10th),1,2,1,1,1,6.158,72.3,1
APP_3130,Male,49,SC,110100.0,sanitation,805000.0,724000.0,10.0,Secondary (10th),0,1,1,1,1,1.153,57.2,1
APP_3131,Male,46,SC,194900.0,education,1009000.0,908000.0,10.0,Graduate,1,2,1,1,1,0.817,76.0,1
APP_3132,Male,22,SC,641000.0,micro_finance,96000.0,86400.0,5.0,Higher Secondary (12th),0,0,0,1,1,0.049,8.9,0
APP_3133,Male,31,Safai Karamchari / Dependent,290400.0,term_loan,1241000.0,1117000.0,10.0,Secondary (10th),1,2,1,1,1,0.892,73.0,1
APP_3134,Female,38,SC,69000.0,green_energy,949000.0,807000.0,15.0,Secondary (10th),1,5,1,1,1,2.05,79.2,1
APP_3135,Male,24,SC,150500.0,education,2410000.0,2169000.0,5.0,Secondary (10th),0,1,1,1,1,2.526,46.4,1
APP_3136,Female,35,ST,269300.0,micro_finance,124000.0,111600.0,10.0,Secondary (10th),1,0,1,1,1,0.151,50.1,0
APP_3137,Male,40,SC,251100.0,micro_finance,134100.0,120700.0,10.0,Primary (1-8),1,4,1,1,1,0.175,99.0,1
APP_3138,Male,32,SC,161400.0,micro_finance,22400.0,20200.0,0.0,Secondary (10th),0,3,1,1,1,0.046,98.0,1
APP_3139,Female,53,SC,544300.0,term_loan,2613000.0,2352000.0,20.0,Secondary (10th),1,2,0,1,1,1.002,5.0,0
APP_3140,Male,34,Safai Karamchari / Dependent,229800.0,micro_finance,114900.0,103400.0,2.0,Secondary (10th),1,2,1,1,1,0.164,99.0,1
APP_3141,Male,39,SC,228700.0,term_loan,2413000.0,2172000.0,15.0,Graduate,1,3,0,1,1,2.203,36.0,0
APP_3142,Male,37,ST,471100.0,term_loan,814000.0,733000.0,20.0,Graduate,1,2,0,1,1,0.361,9.0,0
APP_3143,Male,33,SC,239700.0,term_loan,3459000.0,3113000.0,5.0,Higher Secondary (12th),1,2,1,1,1,3.013,65.1,1
APP_3144,Female,38,SC,165400.0,micro_finance,89400.0,84900.0,5.0,No Formal Education,0,0,1,1,1,0.187,99.0,1
APP_3145,Male,36,SC,583200.0,sanitation,973000.0,876000.0,10.0,Secondary (10th),0,4,0,1,1,0.263,5.0,0
APP_3146,Male,36,Safai Karamchari / Dependent,133000.0,micro_finance,53800.0,48400.0,5.0,Secondary (10th),0,3,1,1,1,0.133,99.0,1
APP_3147,Male,34,SC,113400.0,micro_finance,72800.0,65500.0,10.0,No Formal Education,0,3,1,1,1,0.211,94.8,1
APP_3148,Male,48,SC,484400.0,micro_finance,126300.0,113700.0,2.0,Higher Secondary (12th),0,2,1,1,1,0.086,37.2,0
APP_3149,Male,38,SC,521700.0,education,2225000.0,2002000.0,5.0,Graduate,1,7,1,1,1,0.673,15.8,0
APP_3150,Male,25,SC,635700.0,education,1805000.0,1624000.0,0.0,Secondary (10th),0,3,1,1,1,0.448,32.6,0
APP_3151,Male,31,Safai Karamchari / Dependent,171800.0,micro_finance,86900.0,78200.0,5.0,No Formal Education,0,3,1,1,1,0.166,99.0,1
APP_3152,Female,38,SC,131500.0,education,264000.0,238000.0,5.0,Higher Secondary (12th),0,1,1,1,1,0.317,97.1,1
APP_3153,Male,28,SC,595400.0,micro_finance,115600.0,104000.0,5.0,Secondary (10th),0,0,1,1,1,0.064,34.9,0
APP_3154,Female,32,General,217100.0,education,1103000.0,993000.0,0.0,Secondary (10th),1,0,1,1,0,0.802,5.0,0
APP_3155,Other,18,SC,568400.0,green_energy,168000.0,160000.0,5.0,Primary (1-8),1,4,0,1,1,0.049,14.3,0
APP_3156,Male,33,SC,146800.0,term_loan,1772000.0,1595000.0,5.0,Higher Secondary (12th),0,6,1,1,1,2.521,62.2,1
APP_3157,Other,23,SC,272800.0,education,1296000.0,1166000.0,10.0,Post Graduate / Professional,1,4,1,1,1,0.749,68.1,1
APP_3158,Female,53,SC,214300.0,education,1648000.0,1483000.0,10.0,Secondary (10th),1,7,1,1,1,1.213,76.0,1
APP_3159,Male,42,SC,237700.0,green_energy,1111000.0,1000000.0,10.0,Secondary (10th),0,4,1,1,1,0.737,59.3,1
APP_3160,Female,56,SC,115600.0,micro_finance,107600.0,102200.0,2.0,Secondary (10th),0,1,1,1,1,0.323,96.6,1
APP_3161,Male,33,SC,326800.0,term_loan,361000.0,325000.0,5.0,Primary (1-8),1,3,1,1,1,0.231,99.0,1
APP_3162,Male,18,SC,81700.0,green_energy,763000.0,649000.0,15.0,Secondary (10th),1,2,1,1,1,1.393,64.1,1
APP_3163,Female,27,SC,64000.0,micro_finance,127700.0,121300.0,2.0,Graduate,1,4,1,1,1,0.692,67.4,1
APP_3164,Male,21,Safai Karamchari / Dependent,266300.0,micro_finance,69600.0,62600.0,10.0,Secondary (10th),1,1,1,1,1,0.086,99.0,1
APP_3165,Male,27,SC,149700.0,sanitation,608000.0,578000.0,5.0,Higher Secondary (12th),0,0,1,1,1,0.677,55.8,1
APP_3166,Male,41,SC,88500.0,sanitation,1146000.0,1089000.0,5.0,Secondary (10th),0,4,1,1,1,2.157,64.1,1
APP_3167,Male,31,OBC,150000.0,micro_finance,63300.0,57000.0,0.0,Secondary (10th),1,3,1,1,1,0.139,52.3,0
APP_3168,Male,34,SC,197300.0,micro_finance,85700.0,77100.0,0.0,Higher Secondary (12th),0,5,0,1,1,0.143,57.9,1
APP_3169,Female,18,SC,255900.0,green_energy,571000.0,542000.0,5.0,Primary (1-8),0,1,1,1,1,0.371,99.0,1
APP_3170,Male,46,Safai Karamchari / Dependent,75200.0,micro_finance,57700.0,51900.0,10.0,Graduate,1,7,0,1,1,0.252,85.1,1
APP_3171,Female,44,SC,147000.0,term_loan,3419000.0,3077000.0,5.0,Secondary (10th),1,2,1,1,1,4.856,71.5,1
APP_3172,Male,34,SC,71400.0,green_energy,1500000.0,1275000.0,15.0,Secondary (10th),0,2,1,1,1,3.13,65.1,1
APP_3173,Male,47,Safai Karamchari / Dependent,252100.0,green_energy,589000.0,530000.0,10.0,Primary (1-8),0,11,0,1,1,0.369,75.4,1
APP_3174,Male,34,ST,141900.0,green_energy,224000.0,202000.0,10.0,Higher Secondary (12th),0,3,0,0,1,0.25,8.6,0
APP_3175,Male,25,Safai Karamchari / Dependent,452200.0,micro_finance,93900.0,84500.0,0.0,No Formal Education,0,5,1,1,1,0.068,47.8,0
APP_3176,Female,26,SC,89600.0,term_loan,2212000.0,1991000.0,20.0,Graduate,1,1,1,1,1,5.155,75.5,1
APP_3177,Male,30,SC,151400.0,education,1576000.0,1418000.0,5.0,Post Graduate / Professional,1,3,1,1,1,1.642,69.7,1
APP_3178,Male,35,SC,93400.0,micro_finance,116000.0,104400.0,5.0,Secondary (10th),0,1,1,1,1,0.408,87.3,1
APP_3179,Female,24,SC,171200.0,term_loan,3404000.0,3064000.0,15.0,Higher Secondary (12th),0,1,1,1,1,4.152,69.5,1
APP_3180,Female,21,SC,104700.0,micro_finance,106100.0,100800.0,0.0,Secondary (10th),0,0,0,1,1,0.351,69.7,1
APP_3181,Male,34,OBC,253400.0,term_loan,319000.0,287000.0,5.0,Primary (1-8),0,5,1,1,1,0.263,37.6,0
APP_3182,Male,44,SC,459700.0,education,2451000.0,2206000.0,5.0,No Formal Education,0,0,1,1,1,0.841,5.0,0
APP_3183,Male,22,SC,403800.0,sanitation,167000.0,159000.0,5.0,Secondary (10th),0,2,1,1,1,0.069,41.7,0
APP_3184,Male,36,ST,271200.0,green_energy,619000.0,526000.0,15.0,Post Graduate / Professional,1,2,1,1,1,0.34,46.8,0
APP_3185,Female,37,SC,637300.0,micro_finance,22800.0,21700.0,0.0,Post Graduate / Professional,1,0,1,1,1,0.012,51.2,0
APP_3186,Male,32,SC,167300.0,education,2215000.0,1994000.0,10.0,Higher Secondary (12th),1,9,1,1,1,2.089,62.6,1
APP_3187,Male,48,SC,243700.0,education,1846000.0,1661000.0,10.0,Primary (1-8),0,0,1,1,1,1.195,67.7,1
APP_3188,Female,36,Safai Karamchari / Dependent,289700.0,micro_finance,48000.0,43200.0,10.0,Primary (1-8),1,8,1,1,1,0.054,99.0,1
APP_3189,Female,39,SC,234900.0,green_energy,320000.0,272000.0,15.0,Secondary (10th),1,0,1,1,1,0.203,99.0,1
APP_3190,Male,23,SC,260300.0,green_energy,598000.0,508000.0,15.0,Higher Secondary (12th),0,4,1,1,1,0.342,99.0,1
APP_3191,Male,30,ST,277500.0,sanitation,1462000.0,1433000.0,2.0,Higher Secondary (12th),1,3,1,1,1,0.905,5.0,0
APP_3192,Male,38,SC,234600.0,green_energy,1070000.0,963000.0,10.0,Secondary (10th),0,1,1,1,0,0.72,5.0,0
APP_3193,Female,25,SC,124500.0,education,759000.0,683000.0,5.0,Graduate,1,4,1,1,1,0.962,77.3,1
APP_3194,Male,32,SC,248900.0,micro_finance,59600.0,53600.0,2.0,Graduate,1,0,1,1,1,0.079,91.8,1
APP_3195,Female,26,SC,129900.0,education,1354000.0,1219000.0,10.0,Graduate,1,7,1,1,1,1.645,79.4,1
APP_3196,Male,32,SC,140300.0,micro_finance,52200.0,47000.0,10.0,Secondary (10th),1,3,1,1,1,0.122,99.0,1
APP_3197,Male,32,SC,117000.0,micro_finance,106700.0,96000.0,0.0,Secondary (10th),1,4,1,1,1,0.3,98.1,1
APP_3198,Female,44,SC,242100.0,micro_finance,59300.0,53400.0,10.0,Higher Secondary (12th),1,1,0,1,1,0.081,82.5,1
APP_3199,Male,26,SC,204000.0,sanitation,1011000.0,960000.0,5.0,Secondary (10th),0,4,1,1,1,0.825,58.7,1
APP_3200,Male,50,Safai Karamchari / Dependent,688300.0,micro_finance,53000.0,47700.0,2.0,Primary (1-8),1,1,1,1,1,0.025,50.2,0
APP_3201,Female,23,SC,186500.0,term_loan,1691000.0,1522000.0,20.0,Primary (1-8),1,0,1,1,1,1.893,63.8,1
APP_3202,Male,43,ST,273700.0,term_loan,2016000.0,1814000.0,15.0,Graduate,1,7,1,1,1,1.538,5.0,0
APP_3203,Male,18,Safai Karamchari / Dependent,227200.0,micro_finance,115200.0,103700.0,0.0,Primary (1-8),0,0,1,1,1,0.167,99.0,1
APP_3204,Male,33,ST,180300.0,green_energy,1146000.0,1089000.0,5.0,Post Graduate / Professional,1,1,0,0,1,1.059,5.0,0
APP_3205,Male,45,ST,169000.0,term_loan,3518000.0,3166000.0,10.0,No Formal Education,1,0,1,1,0,4.346,5.0,0
APP_3206,Female,51,SC,239600.0,education,86000.0,77000.0,10.0,Higher Secondary (12th),0,4,1,1,1,0.056,99.0,1
APP_3207,Male,29,OBC,75500.0,sanitation,1018000.0,967000.0,5.0,No Formal Education,0,1,1,1,1,2.245,5.0,0
APP_3208,Male,40,SC,163100.0,sanitation,624000.0,562000.0,10.0,Primary (1-8),0,1,1,1,1,0.604,57.2,1
APP_3209,Female,20,SC,151000.0,sanitation,707000.0,693000.0,2.0,Secondary (10th),1,2,1,1,1,0.805,68.1,1
APP_3210,Male,35,SC,472800.0,term_loan,1962000.0,1766000.0,20.0,Primary (1-8),0,1,1,1,1,0.867,59.4,1
APP_3211,Male,22,SC,275400.0,micro_finance,78400.0,70600.0,2.0,Primary (1-8),1,4,1,1,1,0.094,93.1,1
APP_3212,Male,44,SC,557400.0,micro_finance,75500.0,68000.0,2.0,Higher Secondary (12th),0,10,1,1,1,0.045,39.2,0
APP_3213,Male,40,SC,286200.0,education,1213000.0,1092000.0,10.0,Secondary (10th),1,0,1,1,0,0.669,5.0,0
APP_3214,Female,30,SC,215700.0,green_energy,781000.0,664000.0,15.0,Higher Secondary (12th),1,0,1,1,0,0.54,38.4,0
APP_3215,Male,54,Safai Karamchari / Dependent,199700.0,education,2422000.0,2180000.0,5.0,Secondary (10th),0,4,1,1,1,1.914,63.3,1
APP_3216,Female,42,SC,512400.0,green_energy,1377000.0,1170000.0,15.0,Higher Secondary (12th),0,2,1,1,1,0.4,51.5,0
APP_3217,Female,27,SC,120400.0,education,2033000.0,1830000.0,5.0,Higher Secondary (12th),1,2,1,1,1,2.664,74.5,1
APP_3218,Male,37,SC,136600.0,term_loan,1459000.0,1313000.0,5.0,Secondary (10th),1,6,0,1,1,2.23,37.8,0
APP_3219,Female,24,SC,153200.0,micro_finance,22300.0,20100.0,10.0,Secondary (10th),0,0,1,1,1,0.048,99.0,1
APP_3220,Male,43,SC,124700.0,micro_finance,24000.0,21600.0,10.0,Higher Secondary (12th),1,5,1,1,1,0.063,99.0,1
APP_3221,Female,33,Safai Karamchari / Dependent,247300.0,term_loan,2709000.0,2438000.0,20.0,Secondary (10th),0,1,1,1,1,2.287,61.5,1
APP_3222,Female,21,SC,186500.0,term_loan,1719000.0,1547000.0,20.0,No Formal Education,1,0,1,1,1,1.924,67.6,1
APP_3223,Female,20,SC,106500.0,term_loan,178000.0,160000.0,15.0,Primary (1-8),0,12,0,1,1,0.349,78.1,1
APP_3224,Male,29,SC,221400.0,education,625000.0,562000.0,5.0,Higher Secondary (12th),0,1,1,1,1,0.445,79.5,1
APP_3225,Male,34,SC,265000.0,education,2237000.0,2013000.0,0.0,Higher Secondary (12th),0,2,1,1,1,1.332,59.9,1
APP_3226,Male,23,SC,257800.0,green_energy,843000.0,759000.0,10.0,Primary (1-8),0,3,1,1,1,0.516,97.9,1
APP_3227,Male,53,Safai Karamchari / Dependent,94000.0,sanitation,1063000.0,957000.0,10.0,Secondary (10th),0,7,1,1,1,1.785,58.7,1
APP_3228,Male,29,SC,217800.0,term_loan,1391000.0,1252000.0,10.0,Graduate,1,1,1,1,1,1.334,55.5,1
APP_3229,Male,24,SC,208500.0,sanitation,682000.0,648000.0,5.0,Secondary (10th),1,2,1,1,1,0.545,95.4,1
APP_3230,Female,31,SC,128700.0,term_loan,444000.0,400000.0,5.0,Higher Secondary (12th),0,2,1,1,1,0.721,74.9,1
APP_3231,Female,38,ST,291900.0,micro_finance,102500.0,97400.0,2.0,No Formal Education,0,2,1,1,1,0.122,47.0,0
APP_3232,Female,38,OBC,132200.0,term_loan,534000.0,481000.0,15.0,Graduate,1,3,1,1,1,0.844,13.4,0
APP_3233,Female,27,SC,137700.0,micro_finance,137000.0,125000.0,0.0,Primary (1-8),0,5,1,1,1,0.331,98.6,1
APP_3234,Male,36,ST,129900.0,micro_finance,129000.0,116100.0,0.0,Higher Secondary (12th),1,1,1,1,1,0.326,35.2,0
APP_3235,Female,43,SC,204900.0,sanitation,105000.0,100000.0,5.0,Higher Secondary (12th),0,1,1,1,0,0.086,47.9,1
APP_3236,Female,28,SC,183900.0,green_energy,907000.0,771000.0,15.0,Primary (1-8),0,0,1,1,1,0.735,63.3,1
APP_3237,Female,41,SC,156100.0,term_loan,2517000.0,2265000.0,20.0,Primary (1-8),0,0,1,1,1,3.366,57.4,1
APP_3238,Male,32,SC,120000.0,term_loan,3221000.0,2899000.0,5.0,Post Graduate / Professional,1,3,1,1,1,5.605,62.3,1
APP_3239,Female,26,SC,290700.0,term_loan,1885000.0,1696000.0,5.0,Primary (1-8),1,0,1,1,1,1.353,72.8,1
APP_3240,Other,28,SC,289100.0,green_energy,774000.0,735000.0,5.0,Primary (1-8),1,6,1,1,1,0.446,99.0,1
APP_3241,Male,38,Safai Karamchari / Dependent,101200.0,green_energy,1224000.0,1163000.0,5.0,Primary (1-8),0,1,1,1,1,2.015,70.0,1
APP_3242,Female,28,Safai Karamchari / Dependent,94000.0,sanitation,1702000.0,1532000.0,10.0,Primary (1-8),0,2,1,1,1,2.857,74.2,1
APP_3243,Female,18,Safai Karamchari / Dependent,61000.0,education,956000.0,860000.0,0.0,Graduate,1,2,1,1,1,2.471,83.5,1
APP_3244,Male,46,Safai Karamchari / Dependent,89300.0,green_energy,1333000.0,1133000.0,15.0,No Formal Education,1,8,1,1,1,2.224,68.3,1
APP_3245,Female,30,SC,288400.0,term_loan,2394000.0,2155000.0,20.0,Secondary (10th),1,0,1,1,1,1.734,64.5,1
APP_3246,Female,46,ST,176600.0,green_energy,186000.0,177000.0,5.0,Secondary (10th),0,9,0,0,1,0.176,16.9,0
APP_3247,Female,35,OBC,139200.0,term_loan,3858000.0,3472000.0,15.0,Secondary (10th),1,0,1,1,1,5.787,6.8,0
APP_3248,Female,34,SC,193800.0,term_loan,3091000.0,2782000.0,20.0,Secondary (10th),0,3,1,1,1,3.33,72.8,1
APP_3249,Female,31,OBC,231500.0,term_loan,2410000.0,2169000.0,20.0,Higher Secondary (12th),0,0,1,1,1,2.174,5.0,0
APP_3250,Female,30,SC,249900.0,term_loan,3031000.0,2728000.0,20.0,Secondary (10th),0,0,1,0,1,2.533,6.7,0
APP_3251,Female,55,SC,70400.0,micro_finance,56400.0,50800.0,10.0,Higher Secondary (12th),1,0,1,1,1,0.263,99.0,1
APP_3252,Male,42,Safai Karamchari / Dependent,72400.0,micro_finance,91300.0,82200.0,5.0,Graduate,1,14,1,1,1,0.414,99.0,1
APP_3253,Female,24,SC,489100.0,micro_finance,56800.0,51100.0,10.0,Secondary (10th),0,8,1,1,1,0.038,55.1,0
APP_3254,Male,23,SC,198400.0,sanitation,662000.0,629000.0,5.0,Primary (1-8),0,8,1,1,1,0.556,90.3,1
APP_3255,Female,41,SC,143700.0,sanitation,892000.0,847000.0,5.0,Secondary (10th),0,4,1,1,0,1.033,17.5,0
APP_3256,Female,28,SC,612700.0,green_energy,793000.0,674000.0,15.0,Higher Secondary (12th),0,4,1,1,1,0.193,49.9,0
APP_3257,Female,31,SC,274300.0,green_energy,698000.0,628000.0,10.0,Primary (1-8),0,5,1,1,1,0.401,90.7,1
APP_3258,Female,31,Safai Karamchari / Dependent,165100.0,green_energy,472000.0,425000.0,10.0,Primary (1-8),0,5,1,1,1,0.451,99.0,1
APP_3259,Male,38,ST,415000.0,green_energy,371000.0,352000.0,5.0,Higher Secondary (12th),0,0,1,1,1,0.149,39.9,0
APP_3260,Female,25,SC,255500.0,term_loan,3575000.0,3218000.0,20.0,Secondary (10th),0,0,1,1,1,2.922,57.3,1
APP_3261,Female,26,SC,189000.0,sanitation,844000.0,827000.0,2.0,Secondary (10th),1,2,1,1,1,0.767,66.6,1
APP_3262,Female,42,SC,401500.0,micro_finance,126300.0,120000.0,5.0,Primary (1-8),0,0,0,1,1,0.109,18.6,0
APP_3263,Male,35,Safai Karamchari / Dependent,62400.0,sanitation,417000.0,396000.0,5.0,Post Graduate / Professional,1,1,1,1,1,1.112,73.9,1
APP_3264,Female,26,General,446100.0,green_energy,1231000.0,1108000.0,10.0,Secondary (10th),0,4,1,1,0,0.435,5.0,0
APP_3265,Female,52,SC,233300.0,sanitation,1907000.0,1869000.0,2.0,Primary (1-8),0,0,0,1,1,1.404,19.1,0
APP_3266,Male,43,ST,291500.0,sanitation,1853000.0,1668000.0,10.0,Higher Secondary (12th),0,2,1,1,1,1.003,5.0,0
APP_3267,Female,26,ST,258300.0,green_energy,1095000.0,986000.0,10.0,Graduate,1,7,1,1,1,0.669,26.0,0
APP_3268,Female,45,SC,132100.0,micro_finance,71300.0,67700.0,2.0,Primary (1-8),1,5,1,1,1,0.187,99.0,1
APP_3269,Female,21,SC,134900.0,education,1737000.0,1563000.0,0.0,Graduate,1,1,1,1,1,2.031,62.6,1
APP_3270,Male,29,SC,287300.0,micro_finance,28000.0,25200.0,5.0,Secondary (10th),0,2,1,1,1,0.032,99.0,1
APP_3271,Female,29,SC,216100.0,education,123000.0,111000.0,0.0,Secondary (10th),0,3,1,1,1,0.09,99.0,1
APP_3272,Female,30,Safai Karamchari / Dependent,188300.0,micro_finance,112000.0,106400.0,5.0,Higher Secondary (12th),0,5,1,1,1,0.206,99.0,1
APP_3273,Male,31,SC,575500.0,education,603000.0,543000.0,10.0,Higher Secondary (12th),1,6,1,1,1,0.165,49.5,0
APP_3274,Male,35,SC,176500.0,green_energy,512000.0,435000.0,15.0,Secondary (10th),0,13,1,1,1,0.432,89.8,1
APP_3275,Female,30,SC,206200.0,education,2130000.0,1917000.0,5.0,Higher Secondary (12th),1,0,1,1,1,1.63,79.0,1
APP_3276,Male,32,SC,144700.0,micro_finance,48600.0,43700.0,2.0,Post Graduate / Professional,1,11,1,1,1,0.11,99.0,1
APP_3277,Male,42,SC,202400.0,term_loan,547000.0,492000.0,15.0,Graduate,1,1,1,1,1,0.564,95.1,1
APP_3278,Female,23,SC,661600.0,green_energy,780000.0,702000.0,10.0,Secondary (10th),0,2,0,0,1,0.186,5.0,0
APP_3279,Male,52,SC,91300.0,green_energy,962000.0,818000.0,15.0,Graduate,1,1,1,1,1,1.571,66.1,1
APP_3280,Male,18,SC,473700.0,green_energy,1216000.0,1094000.0,10.0,Primary (1-8),0,2,1,1,1,0.405,88.8,1
APP_3281,Male,18,SC,178900.0,education,1541000.0,1387000.0,5.0,Secondary (10th),1,1,0,1,1,1.359,36.5,0
APP_3282,Male,42,ST,260400.0,term_loan,2512000.0,2261000.0,5.0,Higher Secondary (12th),1,6,0,1,1,2.014,5.0,0
APP_3283,Female,39,SC,72100.0,term_loan,268000.0,241000.0,5.0,Secondary (10th),1,3,1,1,1,0.775,67.9,1
APP_3284,Female,31,SC,151700.0,green_energy,1202000.0,1022000.0,15.0,Graduate,1,1,1,1,1,1.181,58.5,1
APP_3285,Male,30,SC,80300.0,green_energy,1443000.0,1227000.0,15.0,Post Graduate / Professional,1,0,1,1,1,2.679,59.7,1
APP_3286,Male,44,SC,134600.0,micro_finance,27900.0,25100.0,10.0,Post Graduate / Professional,1,10,1,1,1,0.068,99.0,1
APP_3287,Male,52,SC,113500.0,micro_finance,137500.0,123800.0,5.0,Secondary (10th),1,13,1,1,1,0.398,99.0,1
APP_3288,Male,42,SC,492500.0,education,1234000.0,1111000.0,0.0,Post Graduate / Professional,1,0,1,1,1,0.395,42.4,0
APP_3289,Male,31,SC,156600.0,term_loan,191000.0,172000.0,10.0,Primary (1-8),0,3,1,1,1,0.255,93.3,1
APP_3290,Female,29,SC,261800.0,green_energy,571000.0,542000.0,5.0,Secondary (10th),0,5,1,1,1,0.363,99.0,1
APP_3291,Male,22,SC,90000.0,micro_finance,94300.0,84900.0,2.0,Higher Secondary (12th),0,2,1,1,1,0.344,97.2,1
APP_3292,Male,41,SC,289400.0,education,1735000.0,1562000.0,5.0,Secondary (10th),1,2,1,1,1,0.946,70.8,1
APP_3293,Male,25,SC,172500.0,term_loan,2822000.0,2540000.0,15.0,Secondary (10th),1,1,1,1,1,3.416,70.6,1
APP_3294,Female,25,SC,119700.0,term_loan,3608000.0,3247000.0,10.0,No Formal Education,0,0,1,1,1,6.293,67.0,1
APP_3295,Male,18,OBC,196800.0,education,986000.0,887000.0,10.0,Graduate,1,3,1,1,1,0.79,8.3,0
APP_3296,Female,36,SC,138400.0,micro_finance,118300.0,106500.0,10.0,Higher Secondary (12th),1,1,1,1,1,0.281,99.0,1
APP_3297,Male,40,SC,320900.0,sanitation,389000.0,350000.0,10.0,Graduate,1,3,0,1,1,0.191,13.5,0
APP_3298,Male,33,SC,81000.0,sanitation,709000.0,638000.0,10.0,Graduate,1,4,1,1,1,1.381,68.5,1
APP_3299,Male,32,Safai Karamchari / Dependent,661400.0,term_loan,1495000.0,1346000.0,10.0,Higher Secondary (12th),1,11,0,1,0,0.472,11.8,0
APP_3300,Male,18,SC,179300.0,sanitation,1537000.0,1460000.0,5.0,Secondary (10th),1,0,0,1,1,1.427,28.7,0
APP_3301,Male,42,SC,119000.0,sanitation,1696000.0,1611000.0,5.0,Primary (1-8),0,1,1,1,1,2.373,61.8,1
APP_3302,Male,38,ST,117000.0,sanitation,350000.0,343000.0,2.0,Secondary (10th),0,1,1,1,1,0.514,18.9,0
APP_3303,Male,36,SC,220200.0,sanitation,898000.0,853000.0,5.0,Secondary (10th),1,6,1,1,0,0.679,5.0,0
APP_3304,Male,29,SC,202300.0,micro_finance,33100.0,29800.0,0.0,Graduate,1,4,1,1,1,0.054,99.0,1
APP_3305,Male,21,SC,180200.0,term_loan,528000.0,475000.0,10.0,No Formal Education,0,5,0,1,1,0.612,16.7,0
APP_3306,Male,28,SC,489300.0,term_loan,2212000.0,1991000.0,15.0,No Formal Education,0,1,1,1,1,0.944,41.9,0
APP_3307,Male,29,SC,298400.0,education,1916000.0,1724000.0,10.0,Higher Secondary (12th),1,4,1,1,1,1.013,66.3,1
APP_3308,Male,21,SC,213200.0,term_loan,2283000.0,2055000.0,15.0,Secondary (10th),0,5,1,1,1,2.236,58.6,1
APP_3309,Male,33,Safai Karamchari / Dependent,66900.0,green_energy,870000.0,826000.0,5.0,Higher Secondary (12th),0,1,0,1,1,2.164,35.1,0
APP_3310,Female,21,SC,128200.0,sanitation,1142000.0,1085000.0,5.0,Secondary (10th),1,0,1,1,1,1.484,74.5,1
APP_3311,Female,30,SC,149400.0,green_energy,1322000.0,1190000.0,10.0,Higher Secondary (12th),0,9,1,1,1,1.396,65.0,1
APP_3312,Male,18,Safai Karamchari / Dependent,109700.0,education,815000.0,734000.0,0.0,Secondary (10th),0,7,1,1,1,1.173,64.7,1
APP_3313,Male,19,SC,290700.0,micro_finance,71400.0,64300.0,2.0,Primary (1-8),0,0,1,1,1,0.081,84.8,1
APP_3314,Female,20,SC,86000.0,term_loan,3164000.0,2848000.0,20.0,Primary (1-8),1,3,1,1,1,7.683,70.0,1
APP_3315,Female,39,SC,682100.0,term_loan,1267000.0,1140000.0,15.0,No Formal Education,1,0,1,1,1,0.388,46.6,0
APP_3316,Male,30,SC,110100.0,micro_finance,121600.0,109400.0,10.0,Higher Secondary (12th),1,9,1,1,1,0.363,99.0,1
APP_3317,Female,47,SC,127700.0,green_energy,860000.0,731000.0,15.0,No Formal Education,1,1,1,1,1,1.003,64.3,1
APP_3318,Male,26,SC,226000.0,education,1808000.0,1627000.0,0.0,Secondary (10th),0,0,0,1,0,1.262,5.0,0
APP_3319,Male,18,SC,226400.0,green_energy,635000.0,540000.0,15.0,Higher Secondary (12th),1,2,1,1,1,0.418,99.0,1
APP_3320,Female,18,SC,91100.0,green_energy,1360000.0,1224000.0,10.0,No Formal Education,1,1,1,1,0,2.355,18.1,0
APP_3321,Female,39,SC,195300.0,micro_finance,25200.0,23900.0,5.0,Primary (1-8),0,0,1,1,1,0.045,99.0,1
APP_3322,Female,40,SC,230300.0,micro_finance,116100.0,110300.0,2.0,Primary (1-8),1,1,1,1,1,0.175,94.9,1
APP_3323,Female,36,SC,159900.0,sanitation,720000.0,684000.0,5.0,Secondary (10th),1,2,1,1,1,0.75,70.0,1
APP_3324,Female,31,SC,294500.0,education,1760000.0,1584000.0,0.0,Primary (1-8),0,5,1,1,1,0.943,56.0,1
APP_3325,Female,26,SC,114300.0,green_energy,249000.0,237000.0,5.0,Graduate,1,2,1,1,1,0.363,99.0,1
APP_3326,Male,42,Safai Karamchari / Dependent,119600.0,micro_finance,88900.0,80000.0,0.0,Secondary (10th),1,3,1,1,1,0.244,99.0,1
APP_3327,Male,38,Safai Karamchari / Dependent,255500.0,sanitation,1628000.0,1465000.0,10.0,Primary (1-8),1,3,0,1,1,1.005,36.1,0
APP_3328,Male,33,Safai Karamchari / Dependent,192500.0,term_loan,3142000.0,2828000.0,15.0,No Formal Education,1,1,1,1,1,3.408,68.2,1
APP_3329,Male,24,SC,642000.0,micro_finance,96000.0,86400.0,5.0,No Formal Education,0,3,0,1,1,0.049,13.3,0
APP_3330,Male,43,SC,60500.0,education,835000.0,752000.0,0.0,Secondary (10th),0,1,1,1,1,2.179,48.7,1
APP_3331,Female,34,SC,170100.0,green_energy,437000.0,415000.0,5.0,Primary (1-8),1,5,1,1,1,0.428,99.0,1
APP_3332,Female,22,OBC,138700.0,education,2444000.0,2200000.0,10.0,Primary (1-8),1,3,1,1,1,2.781,22.1,0
APP_3333,Female,24,SC,281100.0,green_energy,859000.0,816000.0,5.0,Higher Secondary (12th),1,0,1,1,1,0.509,99.0,1
APP_3334,Female,35,SC,291200.0,sanitation,235000.0,223000.0,5.0,No Formal Education,1,2,1,1,1,0.134,99.0,1
APP_3335,Male,34,SC,282100.0,micro_finance,67600.0,60800.0,0.0,Higher Secondary (12th),1,1,1,1,1,0.079,99.0,1
APP_3336,Female,30,Safai Karamchari / Dependent,114200.0,education,171000.0,154000.0,5.0,No Formal Education,1,1,1,1,1,0.236,99.0,1
APP_3337,Male,42,SC,200100.0,education,1336000.0,1202000.0,5.0,Secondary (10th),0,6,1,1,1,1.053,51.3,1
APP_3338,Female,30,SC,619200.0,micro_finance,20500.0,19500.0,0.0,Secondary (10th),0,0,1,1,1,0.011,42.8,0
APP_3339,Male,38,SC,255800.0,sanitation,1875000.0,1781000.0,5.0,Secondary (10th),1,4,0,1,1,1.221,32.1,0
APP_3340,Male,39,General,65700.0,green_energy,1395000.0,1256000.0,10.0,Primary (1-8),1,3,0,1,1,3.351,5.0,0
APP_3341,Female,31,SC,218900.0,green_energy,559000.0,475000.0,15.0,Higher Secondary (12th),0,6,0,1,1,0.38,73.3,1
APP_3342,Other,27,SC,256500.0,sanitation,1481000.0,1407000.0,5.0,Primary (1-8),1,4,0,1,1,0.962,36.1,0
APP_3343,Male,29,SC,143500.0,sanitation,1467000.0,1320000.0,10.0,Primary (1-8),0,1,1,1,1,1.613,52.5,1
APP_3344,Female,36,SC,162600.0,green_energy,1383000.0,1245000.0,10.0,Secondary (10th),0,2,1,1,1,1.342,54.6,1
APP_3345,Male,20,Safai Karamchari / Dependent,139100.0,sanitation,1356000.0,1220000.0,10.0,Primary (1-8),0,1,1,1,1,1.538,70.8,1
APP_3346,Male,37,General,409400.0,education,566000.0,509000.0,0.0,Graduate,1,6,1,1,1,0.218,5.0,0
APP_3347,Female,24,SC,269500.0,micro_finance,119000.0,107100.0,10.0,Higher Secondary (12th),1,4,1,1,1,0.145,99.0,1
APP_3348,Male,31,SC,284300.0,green_energy,651000.0,586000.0,10.0,Secondary (10th),0,0,1,1,1,0.361,88.0,1
APP_3349,Female,32,SC,558400.0,micro_finance,63300.0,60100.0,0.0,Graduate,1,8,1,1,1,0.039,55.6,0
APP_3350,Male,33,General,239400.0,micro_finance,135800.0,122200.0,5.0,Secondary (10th),0,4,1,1,1,0.186,45.6,0
APP_3351,Female,44,SC,79200.0,term_loan,3840000.0,3456000.0,5.0,Higher Secondary (12th),0,1,1,1,1,10.123,65.4,1
APP_3352,Male,32,SC,249100.0,micro_finance,136200.0,122600.0,0.0,Primary (1-8),1,9,1,1,1,0.18,99.0,1
APP_3353,Female,18,Safai Karamchari / Dependent,132700.0,sanitation,1946000.0,1751000.0,10.0,Higher Secondary (12th),0,5,1,1,1,2.313,70.6,1
APP_3354,Male,35,SC,283700.0,sanitation,240000.0,228000.0,5.0,Higher Secondary (12th),0,0,1,1,0,0.141,46.4,1
APP_3355,Male,38,SC,445100.0,term_loan,1370000.0,1233000.0,20.0,No Formal Education,1,4,0,1,1,0.643,31.8,0
APP_3356,Male,53,SC,79600.0,term_loan,2950000.0,2655000.0,20.0,Graduate,1,6,1,1,1,7.738,64.7,1
APP_3357,Male,21,SC,243500.0,term_loan,2808000.0,2527000.0,20.0,Higher Secondary (12th),0,1,1,1,1,2.408,56.1,1
APP_3358,Female,36,SC,260800.0,micro_finance,37700.0,35800.0,0.0,Higher Secondary (12th),0,0,1,1,1,0.05,89.0,1
APP_3359,Male,37,SC,169000.0,term_loan,542000.0,488000.0,20.0,Graduate,1,0,1,1,1,0.67,60.0,1
APP_3360,Male,31,SC,104400.0,education,1568000.0,1411000.0,5.0,Primary (1-8),0,2,1,0,1,2.369,5.0,0
APP_3361,Male,31,Safai Karamchari / Dependent,87100.0,green_energy,1462000.0,1389000.0,5.0,No Formal Education,0,5,1,1,1,2.796,75.7,1
APP_3362,Male,26,SC,174900.0,sanitation,1698000.0,1613000.0,5.0,Higher Secondary (12th),0,0,1,1,1,1.617,56.3,1
APP_3363,Male,18,SC,174900.0,green_energy,973000.0,924000.0,5.0,Graduate,1,4,1,1,1,0.926,60.8,1
APP_3364,Male,18,SC,102900.0,green_energy,1128000.0,1015000.0,10.0,Secondary (10th),1,0,1,1,1,1.729,68.6,1
APP_3365,Male,37,SC,217900.0,sanitation,1220000.0,1159000.0,5.0,Secondary (10th),1,1,1,1,1,0.932,54.7,1
APP_3366,Male,22,OBC,426300.0,sanitation,758000.0,682000.0,10.0,Post Graduate / Professional,1,3,1,1,1,0.28,5.0,0
APP_3367,Female,29,SC,685300.0,micro_finance,74700.0,71000.0,2.0,Higher Secondary (12th),0,2,0,1,1,0.038,16.3,0
APP_3368,Female,26,SC,416700.0,green_energy,1298000.0,1233000.0,5.0,Primary (1-8),0,3,1,1,0,0.519,43.9,0
APP_3369,Male,42,SC,291400.0,micro_finance,95400.0,85900.0,2.0,Secondary (10th),1,4,0,1,1,0.108,70.4,1
APP_3370,Male,22,SC,108700.0,micro_finance,40600.0,36500.0,10.0,Primary (1-8),0,6,1,1,1,0.123,99.0,1
APP_3371,Female,33,SC,208100.0,term_loan,3403000.0,3063000.0,15.0,Primary (1-8),0,9,1,1,1,3.415,71.0,1
APP_3372,Male,43,SC,110200.0,term_loan,1673000.0,1506000.0,5.0,Primary (1-8),0,2,1,1,1,3.17,71.8,1
APP_3373,Female,34,SC,183200.0,micro_finance,94200.0,89500.0,5.0,Higher Secondary (12th),1,1,1,1,1,0.178,99.0,1
APP_3374,Female,37,General,117800.0,term_loan,297000.0,267000.0,10.0,No Formal Education,0,1,1,1,1,0.526,32.8,0
APP_3375,Female,24,SC,197800.0,education,2453000.0,2208000.0,10.0,Primary (1-8),0,0,1,1,1,1.957,62.3,1
APP_3376,Female,37,SC,470500.0,green_energy,670000.0,570000.0,15.0,Secondary (10th),0,5,1,1,1,0.212,99.0,1
APP_3377,Female,36,SC,455800.0,education,1135000.0,1022000.0,5.0,Secondary (10th),1,1,1,1,1,0.393,49.3,0
APP_3378,Male,30,SC,82800.0,education,1065000.0,958000.0,0.0,Secondary (10th),0,0,1,1,1,2.028,46.2,1
APP_3379,Female,31,SC,64400.0,education,1556000.0,1400000.0,5.0,Higher Secondary (12th),0,3,1,1,1,3.811,66.3,1
APP_3380,Female,30,SC,98400.0,micro_finance,49300.0,46800.0,2.0,Primary (1-8),0,3,1,1,1,0.174,99.0,1
APP_3381,Female,19,SC,133000.0,sanitation,765000.0,727000.0,5.0,Higher Secondary (12th),0,0,1,1,0,0.958,5.0,0
APP_3382,Male,25,Safai Karamchari / Dependent,203000.0,term_loan,330000.0,297000.0,5.0,No Formal Education,0,0,1,1,1,0.339,99.0,1
APP_3383,Male,39,SC,192500.0,green_energy,389000.0,370000.0,5.0,Primary (1-8),0,6,1,1,0,0.337,54.1,1
APP_3384,Female,36,OBC,188100.0,micro_finance,115700.0,109900.0,0.0,Higher Secondary (12th),0,3,1,1,1,0.213,41.3,0
APP_3385,Male,37,SC,274300.0,education,971000.0,874000.0,10.0,Secondary (10th),0,2,1,1,1,0.559,86.6,1
APP_3386,Female,22,Safai Karamchari / Dependent,157600.0,term_loan,1387000.0,1248000.0,20.0,Secondary (10th),0,10,1,1,1,1.837,83.7,1
APP_3387,Male,36,SC,242100.0,sanitation,989000.0,969000.0,2.0,Secondary (10th),1,8,1,1,1,0.702,61.6,1
APP_3388,Female,41,SC,442700.0,green_energy,866000.0,779000.0,10.0,Graduate,1,18,1,1,1,0.308,99.0,1
APP_3389,Female,30,Safai Karamchari / Dependent,230200.0,term_loan,2441000.0,2197000.0,20.0,No Formal Education,0,2,1,1,1,2.214,68.1,1
APP_3390,Female,27,SC,183900.0,micro_finance,94100.0,89400.0,2.0,No Formal Education,0,2,1,1,1,0.177,98.4,1
APP_3391,Male,34,Safai Karamchari / Dependent,241200.0,micro_finance,77500.0,69800.0,2.0,Secondary (10th),0,4,0,1,1,0.106,67.5,1
APP_3392,Female,36,SC,271700.0,term_loan,2755000.0,2480000.0,10.0,Secondary (10th),0,3,0,1,1,2.118,29.7,0
APP_3393,Male,35,SC,122000.0,green_energy,467000.0,397000.0,15.0,Secondary (10th),0,9,1,1,1,0.57,89.6,1
APP_3394,Female,42,SC,199800.0,micro_finance,93400.0,88700.0,5.0,Higher Secondary (12th),1,0,1,1,1,0.162,99.0,1
APP_3395,Female,19,Safai Karamchari / Dependent,156700.0,education,2272000.0,2045000.0,0.0,Higher Secondary (12th),1,0,1,1,1,2.288,73.4,1
APP_3396,Female,31,SC,196300.0,term_loan,2804000.0,2524000.0,5.0,Graduate,1,2,1,1,1,2.983,76.3,1
APP_3397,Male,22,SC,554700.0,term_loan,3470000.0,3123000.0,5.0,Secondary (10th),0,1,1,1,1,1.306,5.0,0
APP_3398,Male,18,SC,139200.0,green_energy,1049000.0,892000.0,15.0,No Formal Education,0,1,1,1,0,1.123,5.0,0
APP_3399,Male,40,OBC,299100.0,micro_finance,98300.0,88500.0,0.0,Graduate,1,1,1,1,1,0.108,37.9,0
APP_3400,Female,38,SC,178100.0,term_loan,2208000.0,1987000.0,20.0,Secondary (10th),1,4,1,1,1,2.588,69.6,1
APP_3401,Female,23,SC,205000.0,micro_finance,35600.0,33800.0,5.0,Higher Secondary (12th),1,1,1,1,0,0.06,60.8,1
APP_3402,Male,44,SC,106900.0,term_loan,1916000.0,1724000.0,15.0,Higher Secondary (12th),0,2,1,1,1,3.741,59.3,1
APP_3403,Male,23,SC,90700.0,education,728000.0,655000.0,5.0,No Formal Education,0,1,1,1,1,1.266,53.7,1
APP_3404,Female,30,SC,297300.0,education,2290000.0,2061000.0,0.0,No Formal Education,0,2,1,1,1,1.215,63.2,1
APP_3405,Female,40,OBC,125800.0,education,1218000.0,1096000.0,5.0,Primary (1-8),1,3,1,1,1,1.527,20.3,0
APP_3406,Male,46,SC,241400.0,micro_finance,21700.0,19500.0,10.0,Secondary (10th),0,2,1,1,1,0.029,99.0,1
APP_3407,Male,26,SC,230400.0,term_loan,252000.0,227000.0,20.0,Primary (1-8),0,7,1,1,1,0.229,98.0,1
APP_3408,Female,43,SC,532300.0,education,204000.0,184000.0,5.0,Primary (1-8),1,3,1,1,1,0.061,59.6,0
APP_3409,Male,43,SC,115700.0,sanitation,360000.0,342000.0,5.0,Graduate,1,3,1,1,1,0.518,99.0,1
APP_3410,Female,37,SC,258000.0,green_energy,690000.0,621000.0,10.0,Higher Secondary (12th),0,5,1,1,1,0.422,85.5,1
APP_3411,Female,21,OBC,74900.0,sanitation,944000.0,897000.0,5.0,Higher Secondary (12th),0,0,1,1,1,2.099,5.0,0
APP_3412,Female,24,Safai Karamchari / Dependent,571300.0,green_energy,383000.0,364000.0,5.0,Primary (1-8),0,1,1,1,1,0.112,64.9,0
APP_3413,Female,29,SC,103800.0,sanitation,240000.0,216000.0,10.0,Primary (1-8),1,3,1,1,1,0.365,99.0,1
APP_3414,Male,39,SC,613300.0,micro_finance,93100.0,83800.0,0.0,No Formal Education,1,0,1,1,1,0.05,44.5,0
APP_3415,Female,36,SC,272300.0,green_energy,840000.0,714000.0,15.0,Secondary (10th),0,7,1,1,1,0.46,99.0,1
APP_3416,Male,60,SC,273400.0,sanitation,1600000.0,1440000.0,10.0,Graduate,1,8,1,1,1,0.923,61.9,1
APP_3417,Male,32,General,294200.0,micro_finance,86400.0,77800.0,5.0,Primary (1-8),0,1,1,1,1,0.097,39.6,0
APP_3418,Male,19,SC,256400.0,education,2069000.0,1862000.0,10.0,Secondary (10th),0,1,1,1,1,1.273,47.5,1
APP_3419,Female,39,SC,171800.0,education,686000.0,617000.0,5.0,Secondary (10th),0,0,1,1,1,0.63,60.9,1
APP_3420,Female,25,SC,246100.0,sanitation,200000.0,190000.0,5.0,No Formal Education,0,1,1,1,0,0.135,50.6,1
APP_3421,Male,33,SC,250900.0,term_loan,675000.0,608000.0,10.0,Graduate,1,5,1,1,1,0.562,96.1,1
APP_3422,Female,31,SC,178200.0,micro_finance,97500.0,87800.0,10.0,No Formal Education,1,2,1,1,1,0.18,99.0,1
APP_3423,Female,43,Safai Karamchari / Dependent,150700.0,term_loan,3998000.0,3598000.0,15.0,Higher Secondary (12th),1,5,1,1,1,5.539,82.6,1
APP_3424,Male,52,General,224300.0,term_loan,1067000.0,960000.0,15.0,Higher Secondary (12th),1,6,1,1,1,0.993,7.8,0
APP_3425,Female,33,SC,193500.0,sanitation,1092000.0,1070000.0,2.0,Graduate,1,8,1,1,1,0.969,69.9,1
APP_3426,Male,36,ST,69500.0,green_energy,781000.0,742000.0,5.0,Higher Secondary (12th),1,2,1,1,1,1.872,15.3,0
APP_3427,Male,36,SC,203300.0,green_energy,762000.0,724000.0,5.0,Higher Secondary (12th),1,3,1,1,0,0.624,5.0,0
APP_3428,Female,48,Safai Karamchari / Dependent,320500.0,micro_finance,76300.0,72500.0,0.0,Secondary (10th),0,6,1,1,1,0.083,52.9,0
APP_3429,Female,32,SC,224700.0,term_loan,3732000.0,3359000.0,10.0,Higher Secondary (12th),0,1,1,1,1,3.468,57.1,1
APP_3430,Male,24,SC,616200.0,sanitation,999000.0,899000.0,10.0,Secondary (10th),0,3,1,1,1,0.256,49.1,0
APP_3431,Female,32,SC,168300.0,sanitation,688000.0,674000.0,2.0,Secondary (10th),1,8,1,1,1,0.702,75.0,1
APP_3432,Female,44,SC,143800.0,term_loan,2917000.0,2625000.0,20.0,Primary (1-8),0,0,1,1,1,4.235,63.0,1
APP_3433,Female,20,OBC,606900.0,term_loan,3493000.0,3144000.0,20.0,Higher Secondary (12th),1,6,1,1,1,1.202,5.0,0
APP_3434,Male,42,Safai Karamchari / Dependent,606800.0,green_energy,156000.0,133000.0,15.0,Secondary (10th),0,3,1,1,1,0.038,47.3,0
APP_3435,Male,19,SC,153800.0,micro_finance,81100.0,73000.0,5.0,Primary (1-8),0,5,1,1,1,0.173,96.5,1
APP_3436,Male,32,SC,221700.0,education,1155000.0,1040000.0,5.0,Secondary (10th),0,3,1,1,1,0.822,67.0,1
APP_3437,Male,44,SC,594700.0,education,344000.0,310000.0,0.0,No Formal Education,0,1,0,1,1,0.091,5.0,0
APP_3438,Male,25,SC,275300.0,micro_finance,93200.0,83900.0,5.0,Secondary (10th),0,2,1,1,1,0.111,95.5,1
APP_3439,Male,18,SC,169000.0,micro_finance,103300.0,93000.0,5.0,Higher Secondary (12th),0,0,1,1,1,0.201,86.2,1
APP_3440,Male,25,SC,207900.0,term_loan,3801000.0,3421000.0,10.0,No Formal Education,0,0,1,1,1,3.817,58.5,1
APP_3441,Male,21,ST,519200.0,sanitation,294000.0,265000.0,10.0,Primary (1-8),1,3,1,1,0,0.089,5.0,0
APP_3442,Male,26,SC,152800.0,education,793000.0,714000.0,10.0,Primary (1-8),0,2,1,1,1,0.819,49.5,1
APP_3443,Other,29,ST,163100.0,green_energy,768000.0,691000.0,10.0,Secondary (10th),1,7,1,0,1,0.743,5.0,0
APP_3444,Female,18,ST,208700.0,term_loan,2088000.0,1879000.0,20.0,Secondary (10th),0,0,1,1,1,2.089,5.0,0
APP_3445,Male,60,ST,292000.0,education,650000.0,585000.0,0.0,Primary (1-8),0,2,0,1,1,0.351,5.0,0
APP_3446,Female,26,ST,138800.0,term_loan,2468000.0,2221000.0,10.0,Higher Secondary (12th),1,1,0,0,1,3.712,5.0,0
APP_3447,Female,33,SC,86600.0,education,2114000.0,1903000.0,10.0,Primary (1-8),1,0,1,1,1,3.852,64.4,1
APP_3448,Female,32,ST,146400.0,education,1422000.0,1280000.0,5.0,Primary (1-8),1,0,0,0,1,1.533,5.0,0
APP_3449,Female,36,SC,184400.0,green_energy,1320000.0,1254000.0,5.0,Primary (1-8),1,0,1,1,1,1.192,79.1,1
APP_3450,Female,37,SC,222000.0,term_loan,3262000.0,2936000.0,20.0,No Formal Education,0,1,1,1,1,3.068,57.1,1
APP_3451,Female,18,ST,85200.0,education,1594000.0,1435000.0,0.0,Secondary (10th),1,0,1,1,1,2.953,9.0,0
APP_3452,Male,28,SC,78600.0,sanitation,1424000.0,1353000.0,5.0,Secondary (10th),0,1,1,1,1,3.018,52.2,1
APP_3453,Female,22,Safai Karamchari / Dependent,283200.0,green_energy,373000.0,317000.0,15.0,Higher Secondary (12th),1,0,1,1,1,0.196,99.0,1
APP_3454,Male,55,SC,278700.0,sanitation,701000.0,631000.0,10.0,Primary (1-8),0,11,1,1,1,0.397,99.0,1
APP_3455,Male,26,SC,187800.0,sanitation,644000.0,631000.0,2.0,Secondary (10th),1,2,1,1,1,0.589,99.0,1
APP_3456,Male,23,ST,250200.0,sanitation,1534000.0,1503000.0,2.0,Primary (1-8),1,1,1,0,0,1.053,5.0,0
APP_3457,Female,49,SC,283100.0,sanitation,1523000.0,1371000.0,10.0,Secondary (10th),0,2,1,1,1,0.849,68.2,1
APP_3458,Female,35,SC,67000.0,green_energy,478000.0,454000.0,5.0,Secondary (10th),0,5,1,1,1,1.188,66.5,1
APP_3459,Male,42,SC,188900.0,micro_finance,118900.0,107000.0,5.0,Higher Secondary (12th),1,1,1,1,0,0.207,40.8,0
APP_3460,Male,51,SC,106300.0,education,1654000.0,1489000.0,5.0,Secondary (10th),0,7,1,1,1,2.456,61.3,1
APP_3461,Female,18,SC,286000.0,sanitation,1574000.0,1543000.0,2.0,Higher Secondary (12th),0,4,1,1,1,0.946,62.8,1
APP_3462,Male,29,SC,249300.0,green_energy,206000.0,175000.0,15.0,Post Graduate / Professional,1,7,1,1,1,0.123,99.0,1
APP_3463,Other,27,Safai Karamchari / Dependent,693200.0,term_loan,2650000.0,2385000.0,15.0,Primary (1-8),0,0,0,1,0,0.798,5.0,0
APP_3464,Male,21,SC,128500.0,education,2184000.0,1966000.0,5.0,Primary (1-8),1,0,1,1,1,2.682,57.5,1
APP_3465,Female,26,OBC,282600.0,micro_finance,51700.0,46500.0,10.0,Secondary (10th),1,2,1,1,1,0.06,59.2,0
APP_3466,Female,35,SC,171700.0,term_loan,2804000.0,2524000.0,5.0,No Formal Education,0,1,0,1,1,3.41,27.8,0
APP_3467,Male,49,SC,290100.0,education,1101000.0,991000.0,0.0,Secondary (10th),1,1,1,1,1,0.599,94.7,1
APP_3468,Male,28,SC,398000.0,term_loan,2120000.0,1908000.0,5.0,Primary (1-8),0,2,1,1,1,1.112,59.5,1
APP_3469,Female,23,SC,72800.0,sanitation,1793000.0,1614000.0,10.0,Higher Secondary (12th),1,0,1,1,1,3.887,70.1,1
APP_3470,Female,22,SC,138300.0,term_loan,1915000.0,1724000.0,10.0,Higher Secondary (12th),0,1,1,1,1,2.892,65.2,1
APP_3471,Male,30,SC,209000.0,education,1200000.0,1080000.0,10.0,Higher Secondary (12th),1,1,0,1,1,0.906,29.7,0
APP_3472,Female,33,SC,429700.0,sanitation,1332000.0,1199000.0,10.0,Higher Secondary (12th),1,0,1,1,1,0.489,37.6,0
APP_3473,Female,36,ST,275400.0,sanitation,1162000.0,1046000.0,10.0,Secondary (10th),1,8,1,1,1,0.666,25.2,0
APP_3474,Female,37,OBC,657700.0,education,1952000.0,1757000.0,10.0,Post Graduate / Professional,1,5,1,1,1,0.468,5.0,0
APP_3475,Male,31,Safai Karamchari / Dependent,259700.0,micro_finance,64900.0,58400.0,5.0,Higher Secondary (12th),1,0,1,1,1,0.082,99.0,1
APP_3476,Female,26,SC,122900.0,term_loan,930000.0,837000.0,10.0,Secondary (10th),1,2,1,1,1,1.58,70.5,1
APP_3477,Male,39,SC,298100.0,term_loan,3531000.0,3178000.0,15.0,No Formal Education,0,0,1,1,1,2.473,54.4,1
APP_3478,Male,27,SC,81300.0,micro_finance,86200.0,77600.0,0.0,Secondary (10th),0,0,1,1,1,0.348,95.8,1
APP_3479,Female,30,SC,491400.0,sanitation,1835000.0,1798000.0,2.0,Primary (1-8),0,3,1,1,1,0.641,12.0,0
APP_3480,Female,24,ST,292000.0,micro_finance,33700.0,32000.0,5.0,Higher Secondary (12th),0,2,1,0,1,0.04,60.8,0
APP_3481,Female,30,SC,209600.0,green_energy,1084000.0,976000.0,10.0,Secondary (10th),0,3,1,1,1,0.816,69.2,1
APP_3482,Male,37,SC,208600.0,micro_finance,125900.0,113300.0,2.0,Secondary (10th),0,2,1,1,1,0.198,91.4,1
APP_3483,Female,24,SC,320300.0,sanitation,1136000.0,1022000.0,10.0,Higher Secondary (12th),0,2,1,1,1,0.559,41.6,0
APP_3484,Female,33,SC,268500.0,term_loan,289000.0,260000.0,10.0,No Formal Education,1,5,1,1,1,0.225,99.0,1
APP_3485,Female,32,SC,271400.0,micro_finance,95100.0,85600.0,10.0,No Formal Education,1,16,0,1,0,0.115,16.5,0
APP_3486,Female,41,ST,191500.0,green_energy,910000.0,774000.0,15.0,Primary (1-8),0,1,1,1,1,0.709,5.4,0
APP_3487,Female,31,Safai Karamchari / Dependent,65500.0,micro_finance,126500.0,120200.0,2.0,Primary (1-8),0,1,1,1,0,0.67,9.4,0
APP_3488,Female,30,SC,142800.0,micro_finance,119200.0,107300.0,10.0,Secondary (10th),0,3,1,1,1,0.274,99.0,1
APP_3489,Female,40,Safai Karamchari / Dependent,110200.0,term_loan,1668000.0,1501000.0,10.0,Higher Secondary (12th),0,1,1,1,1,3.16,79.2,1
APP_3490,Female,18,ST,294400.0,micro_finance,136500.0,125000.0,2.0,Higher Secondary (12th),0,0,1,1,1,0.155,42.5,0
APP_3491,Male,43,SC,205800.0,green_energy,694000.0,590000.0,15.0,Graduate,1,1,1,1,1,0.503,85.3,1
APP_3492,Other,20,SC,74200.0,term_loan,2049000.0,1844000.0,15.0,Secondary (10th),1,1,1,1,1,5.765,58.7,1
APP_3493,Male,48,SC,103800.0,education,802000.0,722000.0,0.0,Higher Secondary (12th),0,2,0,1,1,1.219,16.8,0
APP_3494,Male,58,SC,216300.0,sanitation,562000.0,534000.0,5.0,Secondary (10th),1,8,1,1,1,0.433,97.5,1
APP_3495,Male,34,Safai Karamchari / Dependent,149700.0,education,2368000.0,2131000.0,10.0,Primary (1-8),1,6,1,1,1,2.495,72.0,1
APP_3496,Male,38,Safai Karamchari / Dependent,667700.0,sanitation,1087000.0,1065000.0,2.0,Higher Secondary (12th),1,0,1,1,1,0.28,48.3,0
APP_3497,Female,36,ST,106200.0,green_energy,1436000.0,1221000.0,15.0,No Formal Education,1,3,1,1,1,2.015,15.6,0
APP_3498,Female,28,ST,163400.0,education,1241000.0,1117000.0,10.0,Primary (1-8),1,8,1,1,1,1.198,14.6,0
APP_3499,Female,29,SC,530000.0,term_loan,2001000.0,1801000.0,5.0,Primary (1-8),1,4,1,1,1,0.788,19.8,0
